Insert into ASSET (ASSET_ID,ASSET_NAME,ASSET_ABBREVIATION,ASSET_DESCRIPTION,IS_ACTIVE) values ('200','HOLO COIN','HOL','COIN FOR P2P CHAIN ARCHITECTURE','TRUE');
Insert into ASSET (ASSET_ID,ASSET_NAME,ASSET_ABBREVIATION,ASSET_DESCRIPTION,IS_ACTIVE) values ('210','DEFINITY COIN','DEF','COIN FOR INTERNET COMPUTER ARCHITECTURE','TRUE');
Insert into ASSET (ASSET_ID,ASSET_NAME,ASSET_ABBREVIATION,ASSET_DESCRIPTION,IS_ACTIVE) values ('220','POWER COIN','PWC','COIN FOR EVERYONE EASY TO USE','TRUE');
Insert into ASSET (ASSET_ID,ASSET_NAME,ASSET_ABBREVIATION,ASSET_DESCRIPTION,IS_ACTIVE) values ('230','FILE COIN','FIL','COIN FOR EVERYONE EASY TO USE','FALSE');
Insert into ASSET (ASSET_ID,ASSET_NAME,ASSET_ABBREVIATION,ASSET_DESCRIPTION,IS_ACTIVE) values ('240','DOGE COIN','DOG','COIN FOR JOKE','TRUE');
Insert into ASSET (ASSET_ID,ASSET_NAME,ASSET_ABBREVIATION,ASSET_DESCRIPTION,IS_ACTIVE) values ('250','SPACE COIN','SPC','COIN FOR SPARCESHIPS','TRUE');
Insert into ASSET (ASSET_ID,ASSET_NAME,ASSET_ABBREVIATION,ASSET_DESCRIPTION,IS_ACTIVE) values ('260','TURKISH LIRA','TL','MONEY OF  THE REPUBLIC OF TURKEY','TRUE');

Insert into CUSTOMER (CUSTOMER_ID,CUSTOMER_NAME,CUSTOMER_LASTNAME,EMAIL,PASSWORD,BANK_ACCOUNT_NUMBER,NATIONAL_ID,MOBILE_PHONE_NUMBER,DATE_OF_BIRTH,ADDRESS,EDUCATIONAL_HISTORY,LEVEL_OF_EXPERIENCE) values ('100','KAZIM','KORKMAZ','kazmkorkmaz55@hotmail.com','12354678','TR32 0010 0099 9990 1234 5678 90','54478532115','+905413254578',to_date('26121995','DDMMRRRR'),null,'UNIVERSITY','5');
Insert into CUSTOMER (CUSTOMER_ID,CUSTOMER_NAME,CUSTOMER_LASTNAME,EMAIL,PASSWORD,BANK_ACCOUNT_NUMBER,NATIONAL_ID,MOBILE_PHONE_NUMBER,DATE_OF_BIRTH,ADDRESS,EDUCATIONAL_HISTORY,LEVEL_OF_EXPERIENCE) values ('110','FARUK','GUC','farukgüc@gmail.com','78965412','TR32 0010 0099 9990 1234 1458 96','54876324578','+905478632156',to_date('12051990','DDMMRRRR'),null,'UNIVERSTIY','5');
Insert into CUSTOMER (CUSTOMER_ID,CUSTOMER_NAME,CUSTOMER_LASTNAME,EMAIL,PASSWORD,BANK_ACCOUNT_NUMBER,NATIONAL_ID,MOBILE_PHONE_NUMBER,DATE_OF_BIRTH,ADDRESS,EDUCATIONAL_HISTORY,LEVEL_OF_EXPERIENCE) values ('120','NAZIM','BASARAN','nazimbaşara@gmail.com','54486523','TR32 4512 3154 8754 1212 3123 33','11465323263','+905213232132',to_date('11111998','DDMMRRRR'),null,'UNIVERSTIY','4');
Insert into CUSTOMER (CUSTOMER_ID,CUSTOMER_NAME,CUSTOMER_LASTNAME,EMAIL,PASSWORD,BANK_ACCOUNT_NUMBER,NATIONAL_ID,MOBILE_PHONE_NUMBER,DATE_OF_BIRTH,ADDRESS,EDUCATIONAL_HISTORY,LEVEL_OF_EXPERIENCE) values ('130','NAZLI','CELEBI','nazlicelebi@hotmail.com','45121234','TR32 3215 6412 3154 1321 5412 33','21514212323','+905412544512',to_date('10101993','DDMMRRRR'),null,'UNIVERSTIY','3');
Insert into CUSTOMER (CUSTOMER_ID,CUSTOMER_NAME,CUSTOMER_LASTNAME,EMAIL,PASSWORD,BANK_ACCOUNT_NUMBER,NATIONAL_ID,MOBILE_PHONE_NUMBER,DATE_OF_BIRTH,ADDRESS,EDUCATIONAL_HISTORY,LEVEL_OF_EXPERIENCE) values ('140','AYSE','GUMUS','aysegümüs@gmail.com','54231332','TR32 5451 2154 1222 5235 6223 23','12458756332','+905478954123',to_date('13111992','DDMMRRRR'),null,'UNOVERSTIY','2');

Insert into LOGINATTEMPT (LOGIN_ATTEMPT_ID,LOGIN_EMAIL,LOGIN_PASSWORD,LOGIN_ATTEMPT_TIME,LOGIN_ATTEMPT_STATUS,LOGIN_ATTEMPT_EXIT_TIME,LOGIN_DURATION,CUSTOMER_ID) values ('10','kazımkorkmaz55@hotmail.com','12354678',to_date('01062021','DDMMRRRR'),'TRUE',to_date('01062021','DDMMRRRR'),'120 MINUTE','100');
Insert into LOGINATTEMPT (LOGIN_ATTEMPT_ID,LOGIN_EMAIL,LOGIN_PASSWORD,LOGIN_ATTEMPT_TIME,LOGIN_ATTEMPT_STATUS,LOGIN_ATTEMPT_EXIT_TIME,LOGIN_DURATION,CUSTOMER_ID) values ('11','kazımkorkmaz55@hotmail.com','12354678',to_date('02062021','DDMMRRRR'),'TRUE',to_date('02062021','DDMMRRRR'),'110 MINUTE','100');
Insert into LOGINATTEMPT (LOGIN_ATTEMPT_ID,LOGIN_EMAIL,LOGIN_PASSWORD,LOGIN_ATTEMPT_TIME,LOGIN_ATTEMPT_STATUS,LOGIN_ATTEMPT_EXIT_TIME,LOGIN_DURATION,CUSTOMER_ID) values ('12','kazımkorkmaz55@hotmail.com','12354678',to_date('03062021','DDMMRRRR'),'TRUE',to_date('03062021','DDMMRRRR'),'50 MINUTE','100');
Insert into LOGINATTEMPT (LOGIN_ATTEMPT_ID,LOGIN_EMAIL,LOGIN_PASSWORD,LOGIN_ATTEMPT_TIME,LOGIN_ATTEMPT_STATUS,LOGIN_ATTEMPT_EXIT_TIME,LOGIN_DURATION,CUSTOMER_ID) values ('13','kazımkorkmaz55@hotmail.com','12354677',to_date('04062021','DDMMRRRR'),'FALSE',to_date('04062021','DDMMRRRR'),'0 MINUTE','100');
Insert into LOGINATTEMPT (LOGIN_ATTEMPT_ID,LOGIN_EMAIL,LOGIN_PASSWORD,LOGIN_ATTEMPT_TIME,LOGIN_ATTEMPT_STATUS,LOGIN_ATTEMPT_EXIT_TIME,LOGIN_DURATION,CUSTOMER_ID) values ('14','kazımkorkmaz55@hotmail.com','12354678',to_date('04062021','DDMMRRRR'),'TRUE',to_date('04062021','DDMMRRRR'),'60 MINUTE','100');
Insert into LOGINATTEMPT (LOGIN_ATTEMPT_ID,LOGIN_EMAIL,LOGIN_PASSWORD,LOGIN_ATTEMPT_TIME,LOGIN_ATTEMPT_STATUS,LOGIN_ATTEMPT_EXIT_TIME,LOGIN_DURATION,CUSTOMER_ID) values ('15','kazımkorkmaz55@hotmail.com','12354678',to_date('05062021','DDMMRRRR'),'TRUE',to_date('05062021','DDMMRRRR'),'70 MINUTE','100');
Insert into LOGINATTEMPT (LOGIN_ATTEMPT_ID,LOGIN_EMAIL,LOGIN_PASSWORD,LOGIN_ATTEMPT_TIME,LOGIN_ATTEMPT_STATUS,LOGIN_ATTEMPT_EXIT_TIME,LOGIN_DURATION,CUSTOMER_ID) values ('16','farukguc@gmail.com','78965412',to_date('01062021','DDMMRRRR'),'TRUE',to_date('01062021','DDMMRRRR'),'12 MINUTE','110');
Insert into LOGINATTEMPT (LOGIN_ATTEMPT_ID,LOGIN_EMAIL,LOGIN_PASSWORD,LOGIN_ATTEMPT_TIME,LOGIN_ATTEMPT_STATUS,LOGIN_ATTEMPT_EXIT_TIME,LOGIN_DURATION,CUSTOMER_ID) values ('17','farukguc@gmail.com','78965412',to_date('02062021','DDMMRRRR'),'TRUE',to_date('02062021','DDMMRRRR'),'25 MINUTE','110');
Insert into LOGINATTEMPT (LOGIN_ATTEMPT_ID,LOGIN_EMAIL,LOGIN_PASSWORD,LOGIN_ATTEMPT_TIME,LOGIN_ATTEMPT_STATUS,LOGIN_ATTEMPT_EXIT_TIME,LOGIN_DURATION,CUSTOMER_ID) values ('18','farukguc@gmail.com','78965412',to_date('03062021','DDMMRRRR'),'TRUE',to_date('03062021','DDMMRRRR'),'35 MINUTE','110');
Insert into LOGINATTEMPT (LOGIN_ATTEMPT_ID,LOGIN_EMAIL,LOGIN_PASSWORD,LOGIN_ATTEMPT_TIME,LOGIN_ATTEMPT_STATUS,LOGIN_ATTEMPT_EXIT_TIME,LOGIN_DURATION,CUSTOMER_ID) values ('19','farukguc@gmail.com','78965412',to_date('04062021','DDMMRRRR'),'TRUE',to_date('04062021','DDMMRRRR'),'70 MINUTE','110');
Insert into LOGINATTEMPT (LOGIN_ATTEMPT_ID,LOGIN_EMAIL,LOGIN_PASSWORD,LOGIN_ATTEMPT_TIME,LOGIN_ATTEMPT_STATUS,LOGIN_ATTEMPT_EXIT_TIME,LOGIN_DURATION,CUSTOMER_ID) values ('20','farukguc@gmail.com','78965411',to_date('05062021','DDMMRRRR'),'FALSE',to_date('05062021','DDMMRRRR'),'60 MINUTE','110');
Insert into LOGINATTEMPT (LOGIN_ATTEMPT_ID,LOGIN_EMAIL,LOGIN_PASSWORD,LOGIN_ATTEMPT_TIME,LOGIN_ATTEMPT_STATUS,LOGIN_ATTEMPT_EXIT_TIME,LOGIN_DURATION,CUSTOMER_ID) values ('21','farukguc@gmail.com','78965412',to_date('05062021','DDMMRRRR'),'TRUE',to_date('05062021','DDMMRRRR'),'150 MINUTE','110');
Insert into LOGINATTEMPT (LOGIN_ATTEMPT_ID,LOGIN_EMAIL,LOGIN_PASSWORD,LOGIN_ATTEMPT_TIME,LOGIN_ATTEMPT_STATUS,LOGIN_ATTEMPT_EXIT_TIME,LOGIN_DURATION,CUSTOMER_ID) values ('22','nazımbasara@gmail.com','54486522',to_date('01062021','DDMMRRRR'),'FALSE',to_date('01062021','DDMMRRRR'),'60 MINUTE','120');
Insert into LOGINATTEMPT (LOGIN_ATTEMPT_ID,LOGIN_EMAIL,LOGIN_PASSWORD,LOGIN_ATTEMPT_TIME,LOGIN_ATTEMPT_STATUS,LOGIN_ATTEMPT_EXIT_TIME,LOGIN_DURATION,CUSTOMER_ID) values ('23','nazımbasara@gmail.com','54486523',to_date('01062021','DDMMRRRR'),'TRUE',to_date('01062021','DDMMRRRR'),'75 MINUTE','120');
Insert into LOGINATTEMPT (LOGIN_ATTEMPT_ID,LOGIN_EMAIL,LOGIN_PASSWORD,LOGIN_ATTEMPT_TIME,LOGIN_ATTEMPT_STATUS,LOGIN_ATTEMPT_EXIT_TIME,LOGIN_DURATION,CUSTOMER_ID) values ('24','nazımbasara@gmail.com','54486523',to_date('02062021','DDMMRRRR'),'TRUE',to_date('02062021','DDMMRRRR'),'80 MINUTE','120');
Insert into LOGINATTEMPT (LOGIN_ATTEMPT_ID,LOGIN_EMAIL,LOGIN_PASSWORD,LOGIN_ATTEMPT_TIME,LOGIN_ATTEMPT_STATUS,LOGIN_ATTEMPT_EXIT_TIME,LOGIN_DURATION,CUSTOMER_ID) values ('25','nazımbasara@gmail.com','54486523',to_date('03062021','DDMMRRRR'),'TRUE',to_date('03062021','DDMMRRRR'),'90 MINUTE','120');
Insert into LOGINATTEMPT (LOGIN_ATTEMPT_ID,LOGIN_EMAIL,LOGIN_PASSWORD,LOGIN_ATTEMPT_TIME,LOGIN_ATTEMPT_STATUS,LOGIN_ATTEMPT_EXIT_TIME,LOGIN_DURATION,CUSTOMER_ID) values ('26','nazımbasara@gmail.com','54486523',to_date('04062021','DDMMRRRR'),'TRUE',to_date('04062021','DDMMRRRR'),'45 MINUTE','120');
Insert into LOGINATTEMPT (LOGIN_ATTEMPT_ID,LOGIN_EMAIL,LOGIN_PASSWORD,LOGIN_ATTEMPT_TIME,LOGIN_ATTEMPT_STATUS,LOGIN_ATTEMPT_EXIT_TIME,LOGIN_DURATION,CUSTOMER_ID) values ('27','nazımbasara@gmail.com','54486523',to_date('05062021','DDMMRRRR'),'TRUE',to_date('05062021','DDMMRRRR'),'65 MINUTE','120');
Insert into LOGINATTEMPT (LOGIN_ATTEMPT_ID,LOGIN_EMAIL,LOGIN_PASSWORD,LOGIN_ATTEMPT_TIME,LOGIN_ATTEMPT_STATUS,LOGIN_ATTEMPT_EXIT_TIME,LOGIN_DURATION,CUSTOMER_ID) values ('28','nazlıcelebi@hotmail.com','45121234',to_date('01062021','DDMMRRRR'),'TRUE',to_date('01062021','DDMMRRRR'),'60 MINUTE','130');
Insert into LOGINATTEMPT (LOGIN_ATTEMPT_ID,LOGIN_EMAIL,LOGIN_PASSWORD,LOGIN_ATTEMPT_TIME,LOGIN_ATTEMPT_STATUS,LOGIN_ATTEMPT_EXIT_TIME,LOGIN_DURATION,CUSTOMER_ID) values ('29','nazlıcelebi@hotmail.com','45121234',to_date('02062021','DDMMRRRR'),'TRUE',to_date('02062021','DDMMRRRR'),'78 MINUTE','130');
Insert into LOGINATTEMPT (LOGIN_ATTEMPT_ID,LOGIN_EMAIL,LOGIN_PASSWORD,LOGIN_ATTEMPT_TIME,LOGIN_ATTEMPT_STATUS,LOGIN_ATTEMPT_EXIT_TIME,LOGIN_DURATION,CUSTOMER_ID) values ('30','nazlıcelebi@hotmail.com','45121232',to_date('03062021','DDMMRRRR'),'FALSE',to_date('03062021','DDMMRRRR'),'55 MINUTE','130');
Insert into LOGINATTEMPT (LOGIN_ATTEMPT_ID,LOGIN_EMAIL,LOGIN_PASSWORD,LOGIN_ATTEMPT_TIME,LOGIN_ATTEMPT_STATUS,LOGIN_ATTEMPT_EXIT_TIME,LOGIN_DURATION,CUSTOMER_ID) values ('31','nazlıcelebi@hotmail.com','45121234',to_date('03062021','DDMMRRRR'),'TRUE',to_date('03062021','DDMMRRRR'),'34 MINUTE','130');
Insert into LOGINATTEMPT (LOGIN_ATTEMPT_ID,LOGIN_EMAIL,LOGIN_PASSWORD,LOGIN_ATTEMPT_TIME,LOGIN_ATTEMPT_STATUS,LOGIN_ATTEMPT_EXIT_TIME,LOGIN_DURATION,CUSTOMER_ID) values ('32','nazlıcelebi@hotmail.com','45121234',to_date('04062021','DDMMRRRR'),'TRUE',to_date('04062021','DDMMRRRR'),'57 MINUTE','130');
Insert into LOGINATTEMPT (LOGIN_ATTEMPT_ID,LOGIN_EMAIL,LOGIN_PASSWORD,LOGIN_ATTEMPT_TIME,LOGIN_ATTEMPT_STATUS,LOGIN_ATTEMPT_EXIT_TIME,LOGIN_DURATION,CUSTOMER_ID) values ('33','nazlıcelebi@hotmail.com','45121234',to_date('05062021','DDMMRRRR'),'TRUE',to_date('05062021','DDMMRRRR'),'60 MINUTE','130');
Insert into LOGINATTEMPT (LOGIN_ATTEMPT_ID,LOGIN_EMAIL,LOGIN_PASSWORD,LOGIN_ATTEMPT_TIME,LOGIN_ATTEMPT_STATUS,LOGIN_ATTEMPT_EXIT_TIME,LOGIN_DURATION,CUSTOMER_ID) values ('34','aysegumus@gmail.com','54231332',to_date('01062021','DDMMRRRR'),'TRUE',to_date('01062021','DDMMRRRR'),'40 MINUTE','140');
Insert into LOGINATTEMPT (LOGIN_ATTEMPT_ID,LOGIN_EMAIL,LOGIN_PASSWORD,LOGIN_ATTEMPT_TIME,LOGIN_ATTEMPT_STATUS,LOGIN_ATTEMPT_EXIT_TIME,LOGIN_DURATION,CUSTOMER_ID) values ('35','aysegumus@gmail.com','54231331',to_date('02062021','DDMMRRRR'),'FALSE',to_date('02062021','DDMMRRRR'),'30 MINUTE','140');
Insert into LOGINATTEMPT (LOGIN_ATTEMPT_ID,LOGIN_EMAIL,LOGIN_PASSWORD,LOGIN_ATTEMPT_TIME,LOGIN_ATTEMPT_STATUS,LOGIN_ATTEMPT_EXIT_TIME,LOGIN_DURATION,CUSTOMER_ID) values ('36','aysegumus@gmail.com','54231332',to_date('02062021','DDMMRRRR'),'TRUE',to_date('02062021','DDMMRRRR'),'50 MINUTE','140');
Insert into LOGINATTEMPT (LOGIN_ATTEMPT_ID,LOGIN_EMAIL,LOGIN_PASSWORD,LOGIN_ATTEMPT_TIME,LOGIN_ATTEMPT_STATUS,LOGIN_ATTEMPT_EXIT_TIME,LOGIN_DURATION,CUSTOMER_ID) values ('37','aysegumus@gmail.com','54231332',to_date('03062021','DDMMRRRR'),'TRUE',to_date('03062021','DDMMRRRR'),'25 MINUTE','140');
Insert into LOGINATTEMPT (LOGIN_ATTEMPT_ID,LOGIN_EMAIL,LOGIN_PASSWORD,LOGIN_ATTEMPT_TIME,LOGIN_ATTEMPT_STATUS,LOGIN_ATTEMPT_EXIT_TIME,LOGIN_DURATION,CUSTOMER_ID) values ('38','aysegumus@gmail.com','54231332',to_date('04062021','DDMMRRRR'),'TRUE',to_date('04062021','DDMMRRRR'),'35 MINUTE','140');
Insert into LOGINATTEMPT (LOGIN_ATTEMPT_ID,LOGIN_EMAIL,LOGIN_PASSWORD,LOGIN_ATTEMPT_TIME,LOGIN_ATTEMPT_STATUS,LOGIN_ATTEMPT_EXIT_TIME,LOGIN_DURATION,CUSTOMER_ID) values ('39','aysegumus@gmail.com','54231332',to_date('05062021','DDMMRRRR'),'TRUE',to_date('05062021','DDMMRRRR'),'40 MINUTE','140');

Insert into LOGINCODE (CODE_ID,CODE_CONTENT,LOGIN_ATTEMPT_ID) values ('26','432326','13');
Insert into LOGINCODE (CODE_ID,CODE_CONTENT,LOGIN_ATTEMPT_ID) values ('27','644113','20');
Insert into LOGINCODE (CODE_ID,CODE_CONTENT,LOGIN_ATTEMPT_ID) values ('28','649923','22');
Insert into LOGINCODE (CODE_ID,CODE_CONTENT,LOGIN_ATTEMPT_ID) values ('29','487433','30');
Insert into LOGINCODE (CODE_ID,CODE_CONTENT,LOGIN_ATTEMPT_ID) values ('30','164623','36');
Insert into LOGINCODE (CODE_ID,CODE_CONTENT,LOGIN_ATTEMPT_ID) values ('1','380765','10');
Insert into LOGINCODE (CODE_ID,CODE_CONTENT,LOGIN_ATTEMPT_ID) values ('2','314568','11');
Insert into LOGINCODE (CODE_ID,CODE_CONTENT,LOGIN_ATTEMPT_ID) values ('3','317896','12');
Insert into LOGINCODE (CODE_ID,CODE_CONTENT,LOGIN_ATTEMPT_ID) values ('4','234567','14');
Insert into LOGINCODE (CODE_ID,CODE_CONTENT,LOGIN_ATTEMPT_ID) values ('5','247963','15');
Insert into LOGINCODE (CODE_ID,CODE_CONTENT,LOGIN_ATTEMPT_ID) values ('6','458663','16');
Insert into LOGINCODE (CODE_ID,CODE_CONTENT,LOGIN_ATTEMPT_ID) values ('7','541223','17');
Insert into LOGINCODE (CODE_ID,CODE_CONTENT,LOGIN_ATTEMPT_ID) values ('8','745122','18');
Insert into LOGINCODE (CODE_ID,CODE_CONTENT,LOGIN_ATTEMPT_ID) values ('9','741232','19');
Insert into LOGINCODE (CODE_ID,CODE_CONTENT,LOGIN_ATTEMPT_ID) values ('10','321766','21');
Insert into LOGINCODE (CODE_ID,CODE_CONTENT,LOGIN_ATTEMPT_ID) values ('11','543221','23');
Insert into LOGINCODE (CODE_ID,CODE_CONTENT,LOGIN_ATTEMPT_ID) values ('12','789654','24');
Insert into LOGINCODE (CODE_ID,CODE_CONTENT,LOGIN_ATTEMPT_ID) values ('13','123654','25');
Insert into LOGINCODE (CODE_ID,CODE_CONTENT,LOGIN_ATTEMPT_ID) values ('14','478563','26');
Insert into LOGINCODE (CODE_ID,CODE_CONTENT,LOGIN_ATTEMPT_ID) values ('15','512233','27');
Insert into LOGINCODE (CODE_ID,CODE_CONTENT,LOGIN_ATTEMPT_ID) values ('16','451235','28');
Insert into LOGINCODE (CODE_ID,CODE_CONTENT,LOGIN_ATTEMPT_ID) values ('17','748569','29');
Insert into LOGINCODE (CODE_ID,CODE_CONTENT,LOGIN_ATTEMPT_ID) values ('18','121235','31');
Insert into LOGINCODE (CODE_ID,CODE_CONTENT,LOGIN_ATTEMPT_ID) values ('19','485213','32');
Insert into LOGINCODE (CODE_ID,CODE_CONTENT,LOGIN_ATTEMPT_ID) values ('20','874512','33');
Insert into LOGINCODE (CODE_ID,CODE_CONTENT,LOGIN_ATTEMPT_ID) values ('21','845123','34');
Insert into LOGINCODE (CODE_ID,CODE_CONTENT,LOGIN_ATTEMPT_ID) values ('22','448874','36');
Insert into LOGINCODE (CODE_ID,CODE_CONTENT,LOGIN_ATTEMPT_ID) values ('23','657895','37');
Insert into LOGINCODE (CODE_ID,CODE_CONTENT,LOGIN_ATTEMPT_ID) values ('24','478996','38');
Insert into LOGINCODE (CODE_ID,CODE_CONTENT,LOGIN_ATTEMPT_ID) values ('25','244786','39');

Insert into BANKTRANSACTION (BANK_TRANSACTION_ID,BANK_TRANSACTION_DATE,SENDER_ACCOUNT,RECEIVER_ACCOUNT,CUSTOMER_ID,ASSET_ID,AMOUNT) values ('300',to_date('01062021','DDMMRRRR'),'TR32 0010 0099 9990 1234 5678 90','HASEXCACCOUNT','100','260','15000');
Insert into BANKTRANSACTION (BANK_TRANSACTION_ID,BANK_TRANSACTION_DATE,SENDER_ACCOUNT,RECEIVER_ACCOUNT,CUSTOMER_ID,ASSET_ID,AMOUNT) values ('310',to_date('01062021','DDMMRRRR'),'TR32 0010 0099 9990 1234 1458 96','HASEXCACCOUNT','110','260','25000');
Insert into BANKTRANSACTION (BANK_TRANSACTION_ID,BANK_TRANSACTION_DATE,SENDER_ACCOUNT,RECEIVER_ACCOUNT,CUSTOMER_ID,ASSET_ID,AMOUNT) values ('320',to_date('01062021','DDMMRRRR'),'TR32 4512 3154 8754 1212 3123 33','HASEXCACCOUNT','120','260','35000');
Insert into BANKTRANSACTION (BANK_TRANSACTION_ID,BANK_TRANSACTION_DATE,SENDER_ACCOUNT,RECEIVER_ACCOUNT,CUSTOMER_ID,ASSET_ID,AMOUNT) values ('330',to_date('01062021','DDMMRRRR'),'TR32 3215 6412 3154 1321 5412 33','HASEXCACCOUNT','130','260','45000');
Insert into BANKTRANSACTION (BANK_TRANSACTION_ID,BANK_TRANSACTION_DATE,SENDER_ACCOUNT,RECEIVER_ACCOUNT,CUSTOMER_ID,ASSET_ID,AMOUNT) values ('340',to_date('01062021','DDMMRRRR'),'TR32 5451 2154 1222 5235 6223 23','HASEXCACCOUNT','140','260','55000');

Insert into PORTFOLIO (PORTFOLIO_ID,QUANTITY,CUSTOMER_ID,ASSET_ID) values ('1','15000','100','260');
Insert into PORTFOLIO (PORTFOLIO_ID,QUANTITY,CUSTOMER_ID,ASSET_ID) values ('2','25000','110','260');
Insert into PORTFOLIO (PORTFOLIO_ID,QUANTITY,CUSTOMER_ID,ASSET_ID) values ('3','35000','120','260');
Insert into PORTFOLIO (PORTFOLIO_ID,QUANTITY,CUSTOMER_ID,ASSET_ID) values ('4','45000','130','260');
Insert into PORTFOLIO (PORTFOLIO_ID,QUANTITY,CUSTOMER_ID,ASSET_ID) values ('5','55000','140','260');
Insert into PORTFOLIO (PORTFOLIO_ID,QUANTITY,CUSTOMER_ID,ASSET_ID) values ('6','15000','100','200');
Insert into PORTFOLIO (PORTFOLIO_ID,QUANTITY,CUSTOMER_ID,ASSET_ID) values ('7','1200','100','210');
Insert into PORTFOLIO (PORTFOLIO_ID,QUANTITY,CUSTOMER_ID,ASSET_ID) values ('8','100000','100','220');
Insert into PORTFOLIO (PORTFOLIO_ID,QUANTITY,CUSTOMER_ID,ASSET_ID) values ('9','300','110','240');
Insert into PORTFOLIO (PORTFOLIO_ID,QUANTITY,CUSTOMER_ID,ASSET_ID) values ('10','25','110','250');
Insert into PORTFOLIO (PORTFOLIO_ID,QUANTITY,CUSTOMER_ID,ASSET_ID) values ('11','24200','110','200');
Insert into PORTFOLIO (PORTFOLIO_ID,QUANTITY,CUSTOMER_ID,ASSET_ID) values ('12','2300','120','210');
Insert into PORTFOLIO (PORTFOLIO_ID,QUANTITY,CUSTOMER_ID,ASSET_ID) values ('13','200000','120','220');
Insert into PORTFOLIO (PORTFOLIO_ID,QUANTITY,CUSTOMER_ID,ASSET_ID) values ('14','500','120','240');
Insert into PORTFOLIO (PORTFOLIO_ID,QUANTITY,CUSTOMER_ID,ASSET_ID) values ('15','7','130','250');
Insert into PORTFOLIO (PORTFOLIO_ID,QUANTITY,CUSTOMER_ID,ASSET_ID) values ('16','17540','130','200');
Insert into PORTFOLIO (PORTFOLIO_ID,QUANTITY,CUSTOMER_ID,ASSET_ID) values ('17','1700','130','210');
Insert into PORTFOLIO (PORTFOLIO_ID,QUANTITY,CUSTOMER_ID,ASSET_ID) values ('18','350000','140','220');
Insert into PORTFOLIO (PORTFOLIO_ID,QUANTITY,CUSTOMER_ID,ASSET_ID) values ('19','750','140','240');
Insert into PORTFOLIO (PORTFOLIO_ID,QUANTITY,CUSTOMER_ID,ASSET_ID) values ('20','18','140','250');
Insert into PORTFOLIO (PORTFOLIO_ID,QUANTITY,CUSTOMER_ID,ASSET_ID) values ('21','400','100','240');
Insert into PORTFOLIO (PORTFOLIO_ID,QUANTITY,CUSTOMER_ID,ASSET_ID) values ('22','15','100','250');
Insert into PORTFOLIO (PORTFOLIO_ID,QUANTITY,CUSTOMER_ID,ASSET_ID) values ('23','1000','110','210');
Insert into PORTFOLIO (PORTFOLIO_ID,QUANTITY,CUSTOMER_ID,ASSET_ID) values ('24','40000','110','220');
Insert into PORTFOLIO (PORTFOLIO_ID,QUANTITY,CUSTOMER_ID,ASSET_ID) values ('25','5680','120','200');
Insert into PORTFOLIO (PORTFOLIO_ID,QUANTITY,CUSTOMER_ID,ASSET_ID) values ('26','10','120','250');
Insert into PORTFOLIO (PORTFOLIO_ID,QUANTITY,CUSTOMER_ID,ASSET_ID) values ('27','15000','130','220');
Insert into PORTFOLIO (PORTFOLIO_ID,QUANTITY,CUSTOMER_ID,ASSET_ID) values ('28','624','130','240');
Insert into PORTFOLIO (PORTFOLIO_ID,QUANTITY,CUSTOMER_ID,ASSET_ID) values ('29','3278','140','200');
Insert into PORTFOLIO (PORTFOLIO_ID,QUANTITY,CUSTOMER_ID,ASSET_ID) values ('30','1234','140','210');

Insert into EXCHANGE_BOARD (EXCHANGE_BOARD_ID) values ('1000');

Insert into PRICE (PRICE_ID,PTIME,IS_ACTIVE,ASSET_ID,EXCHANGE_BOARD_ID,BUY_PRICE,SELL_PRICE) values ('9',to_date('01062021','DDMMRRRR'),'FALSE','210','1000','2','1.9');
Insert into PRICE (PRICE_ID,PTIME,IS_ACTIVE,ASSET_ID,EXCHANGE_BOARD_ID,BUY_PRICE,SELL_PRICE) values ('10',to_date('02062021','DDMMRRRR'),'FALSE','210','1000','2.4','2.35');
Insert into PRICE (PRICE_ID,PTIME,IS_ACTIVE,ASSET_ID,EXCHANGE_BOARD_ID,BUY_PRICE,SELL_PRICE) values ('11',to_date('03062021','DDMMRRRR'),'FALSE','210','1000','2.35','2.3');
Insert into PRICE (PRICE_ID,PTIME,IS_ACTIVE,ASSET_ID,EXCHANGE_BOARD_ID,BUY_PRICE,SELL_PRICE) values ('12',to_date('03062021','DDMMRRRR'),'FALSE','210','1000','2.45','2.4');
Insert into PRICE (PRICE_ID,PTIME,IS_ACTIVE,ASSET_ID,EXCHANGE_BOARD_ID,BUY_PRICE,SELL_PRICE) values ('13',to_date('03062021','DDMMRRRR'),'FALSE','210','1000','2.35','2.3');
Insert into PRICE (PRICE_ID,PTIME,IS_ACTIVE,ASSET_ID,EXCHANGE_BOARD_ID,BUY_PRICE,SELL_PRICE) values ('14',to_date('04062021','DDMMRRRR'),'FALSE','210','1000','2.45','2.4');
Insert into PRICE (PRICE_ID,PTIME,IS_ACTIVE,ASSET_ID,EXCHANGE_BOARD_ID,BUY_PRICE,SELL_PRICE) values ('15',to_date('04062021','DDMMRRRR'),'FALSE','210','1000','2.35','2.3');
Insert into PRICE (PRICE_ID,PTIME,IS_ACTIVE,ASSET_ID,EXCHANGE_BOARD_ID,BUY_PRICE,SELL_PRICE) values ('1',to_date('01062021','DDMMRRRR'),'FALSE','200','1000','1.7','1.7');
Insert into PRICE (PRICE_ID,PTIME,IS_ACTIVE,ASSET_ID,EXCHANGE_BOARD_ID,BUY_PRICE,SELL_PRICE) values ('2',to_date('01062021','DDMMRRRR'),'FALSE','200','1000','1.72','1.7');
Insert into PRICE (PRICE_ID,PTIME,IS_ACTIVE,ASSET_ID,EXCHANGE_BOARD_ID,BUY_PRICE,SELL_PRICE) values ('3',to_date('01062021','DDMMRRRR'),'FALSE','200','1000','1.74','1.7');
Insert into PRICE (PRICE_ID,PTIME,IS_ACTIVE,ASSET_ID,EXCHANGE_BOARD_ID,BUY_PRICE,SELL_PRICE) values ('4',to_date('02062021','DDMMRRRR'),'FALSE','200','1000','1.85','1.8');
Insert into PRICE (PRICE_ID,PTIME,IS_ACTIVE,ASSET_ID,EXCHANGE_BOARD_ID,BUY_PRICE,SELL_PRICE) values ('5',to_date('02062021','DDMMRRRR'),'FALSE','200','1000','1.86','1.8');
Insert into PRICE (PRICE_ID,PTIME,IS_ACTIVE,ASSET_ID,EXCHANGE_BOARD_ID,BUY_PRICE,SELL_PRICE) values ('6',to_date('02062021','DDMMRRRR'),'FALSE','200','1000','1.88','1.8');
Insert into PRICE (PRICE_ID,PTIME,IS_ACTIVE,ASSET_ID,EXCHANGE_BOARD_ID,BUY_PRICE,SELL_PRICE) values ('7',to_date('04062021','DDMMRRRR'),'FALSE','200','1000','1.77','1.7');
Insert into PRICE (PRICE_ID,PTIME,IS_ACTIVE,ASSET_ID,EXCHANGE_BOARD_ID,BUY_PRICE,SELL_PRICE) values ('8',to_date('01062021','DDMMRRRR'),'FALSE','210','1000','2.35','2.3');
Insert into PRICE (PRICE_ID,PTIME,IS_ACTIVE,ASSET_ID,EXCHANGE_BOARD_ID,BUY_PRICE,SELL_PRICE) values ('16',to_date('04062021','DDMMRRRR'),'FALSE','210','1000','2.52','2.5');
Insert into PRICE (PRICE_ID,PTIME,IS_ACTIVE,ASSET_ID,EXCHANGE_BOARD_ID,BUY_PRICE,SELL_PRICE) values ('17',to_date('04062021','DDMMRRRR'),'FALSE','210','1000','2.32','2.3');
Insert into PRICE (PRICE_ID,PTIME,IS_ACTIVE,ASSET_ID,EXCHANGE_BOARD_ID,BUY_PRICE,SELL_PRICE) values ('18',to_date('05062021','DDMMRRRR'),'FALSE','210','1000','2.3','2');
Insert into PRICE (PRICE_ID,PTIME,IS_ACTIVE,ASSET_ID,EXCHANGE_BOARD_ID,BUY_PRICE,SELL_PRICE) values ('19',to_date('05062021','DDMMRRRR'),'FALSE','210','1000','2.1','2');
Insert into PRICE (PRICE_ID,PTIME,IS_ACTIVE,ASSET_ID,EXCHANGE_BOARD_ID,BUY_PRICE,SELL_PRICE) values ('20',to_date('02062021','DDMMRRRR'),'FALSE','220','1000','0.35','0.3');
Insert into PRICE (PRICE_ID,PTIME,IS_ACTIVE,ASSET_ID,EXCHANGE_BOARD_ID,BUY_PRICE,SELL_PRICE) values ('21',to_date('03062021','DDMMRRRR'),'FALSE','220','1000','0.25','0.2');
Insert into PRICE (PRICE_ID,PTIME,IS_ACTIVE,ASSET_ID,EXCHANGE_BOARD_ID,BUY_PRICE,SELL_PRICE) values ('22',to_date('03062021','DDMMRRRR'),'FALSE','220','1000','0.2','0.19');
Insert into PRICE (PRICE_ID,PTIME,IS_ACTIVE,ASSET_ID,EXCHANGE_BOARD_ID,BUY_PRICE,SELL_PRICE) values ('23',to_date('03062021','DDMMRRRR'),'FALSE','220','1000','0.22','0.2');
Insert into PRICE (PRICE_ID,PTIME,IS_ACTIVE,ASSET_ID,EXCHANGE_BOARD_ID,BUY_PRICE,SELL_PRICE) values ('24',to_date('04062021','DDMMRRRR'),'FALSE','220','1000','0.22','0.2');
Insert into PRICE (PRICE_ID,PTIME,IS_ACTIVE,ASSET_ID,EXCHANGE_BOARD_ID,BUY_PRICE,SELL_PRICE) values ('25',to_date('04062021','DDMMRRRR'),'FALSE','220','1000','0.23','0.2');
Insert into PRICE (PRICE_ID,PTIME,IS_ACTIVE,ASSET_ID,EXCHANGE_BOARD_ID,BUY_PRICE,SELL_PRICE) values ('26',to_date('04062021','DDMMRRRR'),'FALSE','220','1000','0.24','0.2');
Insert into PRICE (PRICE_ID,PTIME,IS_ACTIVE,ASSET_ID,EXCHANGE_BOARD_ID,BUY_PRICE,SELL_PRICE) values ('27',to_date('04062021','DDMMRRRR'),'FALSE','220','1000','0.22','0.2');
Insert into PRICE (PRICE_ID,PTIME,IS_ACTIVE,ASSET_ID,EXCHANGE_BOARD_ID,BUY_PRICE,SELL_PRICE) values ('28',to_date('04062021','DDMMRRRR'),'FALSE','220','1000','0.21','0.2');
Insert into PRICE (PRICE_ID,PTIME,IS_ACTIVE,ASSET_ID,EXCHANGE_BOARD_ID,BUY_PRICE,SELL_PRICE) values ('29',to_date('05062021','DDMMRRRR'),'FALSE','220','1000','0.22','0.2');
Insert into PRICE (PRICE_ID,PTIME,IS_ACTIVE,ASSET_ID,EXCHANGE_BOARD_ID,BUY_PRICE,SELL_PRICE) values ('30',to_date('05062021','DDMMRRRR'),'FALSE','220','1000','0.23','0.2');
Insert into PRICE (PRICE_ID,PTIME,IS_ACTIVE,ASSET_ID,EXCHANGE_BOARD_ID,BUY_PRICE,SELL_PRICE) values ('31',to_date('05062021','DDMMRRRR'),'FALSE','220','1000','0.26','0.25');
Insert into PRICE (PRICE_ID,PTIME,IS_ACTIVE,ASSET_ID,EXCHANGE_BOARD_ID,BUY_PRICE,SELL_PRICE) values ('32',to_date('05062021','DDMMRRRR'),'FALSE','220','1000','0.31','0.3');
Insert into PRICE (PRICE_ID,PTIME,IS_ACTIVE,ASSET_ID,EXCHANGE_BOARD_ID,BUY_PRICE,SELL_PRICE) values ('33',to_date('01062021','DDMMRRRR'),'FALSE','240','1000','3.56','3.5');
Insert into PRICE (PRICE_ID,PTIME,IS_ACTIVE,ASSET_ID,EXCHANGE_BOARD_ID,BUY_PRICE,SELL_PRICE) values ('34',to_date('01062021','DDMMRRRR'),'FALSE','240','1000','3.25','3.2');
Insert into PRICE (PRICE_ID,PTIME,IS_ACTIVE,ASSET_ID,EXCHANGE_BOARD_ID,BUY_PRICE,SELL_PRICE) values ('35',to_date('01062021','DDMMRRRR'),'FALSE','240','1000','3.55','3.5');
Insert into PRICE (PRICE_ID,PTIME,IS_ACTIVE,ASSET_ID,EXCHANGE_BOARD_ID,BUY_PRICE,SELL_PRICE) values ('36',to_date('01062021','DDMMRRRR'),'FALSE','240','1000','3.54','3.5');
Insert into PRICE (PRICE_ID,PTIME,IS_ACTIVE,ASSET_ID,EXCHANGE_BOARD_ID,BUY_PRICE,SELL_PRICE) values ('37',to_date('02062021','DDMMRRRR'),'FALSE','240','1000','3.65','3.6');
Insert into PRICE (PRICE_ID,PTIME,IS_ACTIVE,ASSET_ID,EXCHANGE_BOARD_ID,BUY_PRICE,SELL_PRICE) values ('38',to_date('03062021','DDMMRRRR'),'FALSE','240','1000','3.64','3.6');
Insert into PRICE (PRICE_ID,PTIME,IS_ACTIVE,ASSET_ID,EXCHANGE_BOARD_ID,BUY_PRICE,SELL_PRICE) values ('39',to_date('01062021','DDMMRRRR'),'FALSE','250','1000','1455.18','1455.14');
Insert into PRICE (PRICE_ID,PTIME,IS_ACTIVE,ASSET_ID,EXCHANGE_BOARD_ID,BUY_PRICE,SELL_PRICE) values ('40',to_date('02062021','DDMMRRRR'),'FALSE','250','1000','1455.59','1455.5');
Insert into PRICE (PRICE_ID,PTIME,IS_ACTIVE,ASSET_ID,EXCHANGE_BOARD_ID,BUY_PRICE,SELL_PRICE) values ('41',to_date('02062021','DDMMRRRR'),'FALSE','250','1000','1455.59','1455.5');
Insert into PRICE (PRICE_ID,PTIME,IS_ACTIVE,ASSET_ID,EXCHANGE_BOARD_ID,BUY_PRICE,SELL_PRICE) values ('42',to_date('02062021','DDMMRRRR'),'FALSE','250','1000','1455.58','1455.5');
Insert into PRICE (PRICE_ID,PTIME,IS_ACTIVE,ASSET_ID,EXCHANGE_BOARD_ID,BUY_PRICE,SELL_PRICE) values ('43',to_date('02062021','DDMMRRRR'),'FALSE','250','1000','1459','1456');
Insert into PRICE (PRICE_ID,PTIME,IS_ACTIVE,ASSET_ID,EXCHANGE_BOARD_ID,BUY_PRICE,SELL_PRICE) values ('44',to_date('03062021','DDMMRRRR'),'FALSE','250','1000','1460','1456');
Insert into PRICE (PRICE_ID,PTIME,IS_ACTIVE,ASSET_ID,EXCHANGE_BOARD_ID,BUY_PRICE,SELL_PRICE) values ('45',to_date('03062021','DDMMRRRR'),'FALSE','250','1000','1458.14','1455.14');
Insert into PRICE (PRICE_ID,PTIME,IS_ACTIVE,ASSET_ID,EXCHANGE_BOARD_ID,BUY_PRICE,SELL_PRICE) values ('46',to_date('03062021','DDMMRRRR'),'FALSE','250','1000','1458','1456');
Insert into PRICE (PRICE_ID,PTIME,IS_ACTIVE,ASSET_ID,EXCHANGE_BOARD_ID,BUY_PRICE,SELL_PRICE) values ('47',to_date('05062021','DDMMRRRR'),'FALSE','250','1000','1475','1470');
Insert into PRICE (PRICE_ID,PTIME,IS_ACTIVE,ASSET_ID,EXCHANGE_BOARD_ID,BUY_PRICE,SELL_PRICE) values ('48',to_date('05062021','DDMMRRRR'),'FALSE','250','1000','1479','1475');
Insert into PRICE (PRICE_ID,PTIME,IS_ACTIVE,ASSET_ID,EXCHANGE_BOARD_ID,BUY_PRICE,SELL_PRICE) values ('49',to_date('05062021','DDMMRRRR'),'FALSE','250','1000','1456','1450');
Insert into PRICE (PRICE_ID,PTIME,IS_ACTIVE,ASSET_ID,EXCHANGE_BOARD_ID,BUY_PRICE,SELL_PRICE) values ('50',to_date('05062021','DDMMRRRR'),'FALSE','250','1000','1449','1445');
Insert into PRICE (PRICE_ID,PTIME,IS_ACTIVE,ASSET_ID,EXCHANGE_BOARD_ID,BUY_PRICE,SELL_PRICE) values ('51',to_date('06062021','DDMMRRRR'),'TRUE','210','1000','2.3','2');
Insert into PRICE (PRICE_ID,PTIME,IS_ACTIVE,ASSET_ID,EXCHANGE_BOARD_ID,BUY_PRICE,SELL_PRICE) values ('52',to_date('06062021','DDMMRRRR'),'TRUE','240','1000','3.6','3.5');
Insert into PRICE (PRICE_ID,PTIME,IS_ACTIVE,ASSET_ID,EXCHANGE_BOARD_ID,BUY_PRICE,SELL_PRICE) values ('53',to_date('06062021','DDMMRRRR'),'TRUE','200','1000','1.75','1.7');
Insert into PRICE (PRICE_ID,PTIME,IS_ACTIVE,ASSET_ID,EXCHANGE_BOARD_ID,BUY_PRICE,SELL_PRICE) values ('54',to_date('06062021','DDMMRRRR'),'TRUE','220','1000','0.38','0.35');
Insert into PRICE (PRICE_ID,PTIME,IS_ACTIVE,ASSET_ID,EXCHANGE_BOARD_ID,BUY_PRICE,SELL_PRICE) values ('55',to_date('06062021','DDMMRRRR'),'TRUE','250','1000','1550','1520');
Insert into PRICE (PRICE_ID,PTIME,IS_ACTIVE,ASSET_ID,EXCHANGE_BOARD_ID,BUY_PRICE,SELL_PRICE) values ('56',to_date('06062021','DDMMRRRR'),'TRUE','260','1000','1','1');


Insert into ORDERTABLE (ORDER_ID,ASSET,ORDER_DATE,QUANTITY,PRICE,AMOUNT,COMMISSION_RATE,COMMISSION_VALUE,IS_ACTIVE,ORDER_TYPE,EXCHANGE_BOARD_ID,ASSET_ID,CUSTOMER_ID) values ('51','DOGE',to_date('06062021','DDMMRRRR'),'600','3.5','2100','0.15','3.15','TRUE','SELL-Limit','1000','240','120');
Insert into ORDERTABLE (ORDER_ID,ASSET,ORDER_DATE,QUANTITY,PRICE,AMOUNT,COMMISSION_RATE,COMMISSION_VALUE,IS_ACTIVE,ORDER_TYPE,EXCHANGE_BOARD_ID,ASSET_ID,CUSTOMER_ID) values ('52','DOGE',to_date('06062021','DDMMRRRR'),'450','3.6','1620','0.1','1.62','TRUE','BUY-Limit','1000','240','130');
Insert into ORDERTABLE (ORDER_ID,ASSET,ORDER_DATE,QUANTITY,PRICE,AMOUNT,COMMISSION_RATE,COMMISSION_VALUE,IS_ACTIVE,ORDER_TYPE,EXCHANGE_BOARD_ID,ASSET_ID,CUSTOMER_ID) values ('53','HOLO',to_date('07062021','DDMMRRRR'),'1800','1.75','3150','0.2','6.3','TRUE','Buy-Limit','1000','200','100');
Insert into ORDERTABLE (ORDER_ID,ASSET,ORDER_DATE,QUANTITY,PRICE,AMOUNT,COMMISSION_RATE,COMMISSION_VALUE,IS_ACTIVE,ORDER_TYPE,EXCHANGE_BOARD_ID,ASSET_ID,CUSTOMER_ID) values ('1','HOLO',to_date('01062021','DDMMRRRR'),'5000','1.7','8500','0.1','8.5','FALSE','SELL-Limit','1000','200','100');
Insert into ORDERTABLE (ORDER_ID,ASSET,ORDER_DATE,QUANTITY,PRICE,AMOUNT,COMMISSION_RATE,COMMISSION_VALUE,IS_ACTIVE,ORDER_TYPE,EXCHANGE_BOARD_ID,ASSET_ID,CUSTOMER_ID) values ('2','DEFINITY',to_date('01062021','DDMMRRRR'),'400','2.3','920','0.2','1.84','FALSE','SELL-Limit','1000','210','100');
Insert into ORDERTABLE (ORDER_ID,ASSET,ORDER_DATE,QUANTITY,PRICE,AMOUNT,COMMISSION_RATE,COMMISSION_VALUE,IS_ACTIVE,ORDER_TYPE,EXCHANGE_BOARD_ID,ASSET_ID,CUSTOMER_ID) values ('3','DOGE',to_date('01062021','DDMMRRRR'),'100','3.5','350','0.3','1.05','FALSE','SELL-Limit','1000','240','110');
Insert into ORDERTABLE (ORDER_ID,ASSET,ORDER_DATE,QUANTITY,PRICE,AMOUNT,COMMISSION_RATE,COMMISSION_VALUE,IS_ACTIVE,ORDER_TYPE,EXCHANGE_BOARD_ID,ASSET_ID,CUSTOMER_ID) values ('4','SPACE',to_date('01062021','DDMMRRRR'),'5','1455.14','7275.7','0.5','36.3785','FALSE','SELL-Limit','1000','250','110');
Insert into ORDERTABLE (ORDER_ID,ASSET,ORDER_DATE,QUANTITY,PRICE,AMOUNT,COMMISSION_RATE,COMMISSION_VALUE,IS_ACTIVE,ORDER_TYPE,EXCHANGE_BOARD_ID,ASSET_ID,CUSTOMER_ID) values ('5','DEFINITY',to_date('01062021','DDMMRRRR'),'2000','2','4000','0.25','10','TRUE','SELL-Stop','1000','210','120');
Insert into ORDERTABLE (ORDER_ID,ASSET,ORDER_DATE,QUANTITY,PRICE,AMOUNT,COMMISSION_RATE,COMMISSION_VALUE,IS_ACTIVE,ORDER_TYPE,EXCHANGE_BOARD_ID,ASSET_ID,CUSTOMER_ID) values ('6','DOGE',to_date('01062021','DDMMRRRR'),'400','3.2','1280','0.35','4.48','TRUE','SELL-Stop','1000','240','120');
Insert into ORDERTABLE (ORDER_ID,ASSET,ORDER_DATE,QUANTITY,PRICE,AMOUNT,COMMISSION_RATE,COMMISSION_VALUE,IS_ACTIVE,ORDER_TYPE,EXCHANGE_BOARD_ID,ASSET_ID,CUSTOMER_ID) values ('7','DOGE',to_date('01062021','DDMMRRRR'),'40','3.5','140','0.2','0.28','FALSE','BUY-Market','1000','240','130');
Insert into ORDERTABLE (ORDER_ID,ASSET,ORDER_DATE,QUANTITY,PRICE,AMOUNT,COMMISSION_RATE,COMMISSION_VALUE,IS_ACTIVE,ORDER_TYPE,EXCHANGE_BOARD_ID,ASSET_ID,CUSTOMER_ID) values ('8','HOLO',to_date('01062021','DDMMRRRR'),'2000','1.7','3400','0.2','6.8','FALSE','BUY-Market','1000','200','130');
Insert into ORDERTABLE (ORDER_ID,ASSET,ORDER_DATE,QUANTITY,PRICE,AMOUNT,COMMISSION_RATE,COMMISSION_VALUE,IS_ACTIVE,ORDER_TYPE,EXCHANGE_BOARD_ID,ASSET_ID,CUSTOMER_ID) values ('9','HOLO',to_date('01062021','DDMMRRRR'),'3000','1.7','5100','0.3','15.3','FALSE','BUY-Market','1000','200','140');
Insert into ORDERTABLE (ORDER_ID,ASSET,ORDER_DATE,QUANTITY,PRICE,AMOUNT,COMMISSION_RATE,COMMISSION_VALUE,IS_ACTIVE,ORDER_TYPE,EXCHANGE_BOARD_ID,ASSET_ID,CUSTOMER_ID) values ('10','DOGE',to_date('01062021','DDMMRRRR'),'60','3.5','210','0.3','0.63','FALSE','BUY-Market','1000','240','140');
Insert into ORDERTABLE (ORDER_ID,ASSET,ORDER_DATE,QUANTITY,PRICE,AMOUNT,COMMISSION_RATE,COMMISSION_VALUE,IS_ACTIVE,ORDER_TYPE,EXCHANGE_BOARD_ID,ASSET_ID,CUSTOMER_ID) values ('11','POWER',to_date('02062021','DDMMRRRR'),'75000','0.3','15000','0.1','15','TRUE','SELL-Stop','1000','220','100');
Insert into ORDERTABLE (ORDER_ID,ASSET,ORDER_DATE,QUANTITY,PRICE,AMOUNT,COMMISSION_RATE,COMMISSION_VALUE,IS_ACTIVE,ORDER_TYPE,EXCHANGE_BOARD_ID,ASSET_ID,CUSTOMER_ID) values ('12','DEFINITY',to_date('02062021','DDMMRRRR'),'500','2.4','1200','0.2','2.4','TRUE','BUY-Stop','1000','210','100');
Insert into ORDERTABLE (ORDER_ID,ASSET,ORDER_DATE,QUANTITY,PRICE,AMOUNT,COMMISSION_RATE,COMMISSION_VALUE,IS_ACTIVE,ORDER_TYPE,EXCHANGE_BOARD_ID,ASSET_ID,CUSTOMER_ID) values ('13','SPACE',to_date('02062021','DDMMRRRR'),'5','1455.5','7277.5','0.4','29.11','FALSE','BUY-Limit','1000','250','110');
Insert into ORDERTABLE (ORDER_ID,ASSET,ORDER_DATE,QUANTITY,PRICE,AMOUNT,COMMISSION_RATE,COMMISSION_VALUE,IS_ACTIVE,ORDER_TYPE,EXCHANGE_BOARD_ID,ASSET_ID,CUSTOMER_ID) values ('14','HOLO',to_date('02062021','DDMMRRRR'),'1000','1.8','1800','0.32','5.76','FALSE','BUY-Limit','1000','200','110');
Insert into ORDERTABLE (ORDER_ID,ASSET,ORDER_DATE,QUANTITY,PRICE,AMOUNT,COMMISSION_RATE,COMMISSION_VALUE,IS_ACTIVE,ORDER_TYPE,EXCHANGE_BOARD_ID,ASSET_ID,CUSTOMER_ID) values ('15','SPACE',to_date('02062021','DDMMRRRR'),'2','1455.5','2911','0.45','13.0995','FALSE','BUY-Limit','1000','250','120');
Insert into ORDERTABLE (ORDER_ID,ASSET,ORDER_DATE,QUANTITY,PRICE,AMOUNT,COMMISSION_RATE,COMMISSION_VALUE,IS_ACTIVE,ORDER_TYPE,EXCHANGE_BOARD_ID,ASSET_ID,CUSTOMER_ID) values ('16','HOLO',to_date('02062021','DDMMRRRR'),'1000','1.8','1800','0.25','4.5','FALSE','BUY-Limit','1000','200','120');
Insert into ORDERTABLE (ORDER_ID,ASSET,ORDER_DATE,QUANTITY,PRICE,AMOUNT,COMMISSION_RATE,COMMISSION_VALUE,IS_ACTIVE,ORDER_TYPE,EXCHANGE_BOARD_ID,ASSET_ID,CUSTOMER_ID) values ('17','SPACE',to_date('02062021','DDMMRRRR'),'7','1455.5','10188.5','0.5','50.9427','FALSE','SELL-Limit','1000','250','130');
Insert into ORDERTABLE (ORDER_ID,ASSET,ORDER_DATE,QUANTITY,PRICE,AMOUNT,COMMISSION_RATE,COMMISSION_VALUE,IS_ACTIVE,ORDER_TYPE,EXCHANGE_BOARD_ID,ASSET_ID,CUSTOMER_ID) values ('18','HOLO',to_date('02062021','DDMMRRRR'),'2000','1.8','3600','0.25','9','FALSE','SELL-Limit','1000','200','130');
Insert into ORDERTABLE (ORDER_ID,ASSET,ORDER_DATE,QUANTITY,PRICE,AMOUNT,COMMISSION_RATE,COMMISSION_VALUE,IS_ACTIVE,ORDER_TYPE,EXCHANGE_BOARD_ID,ASSET_ID,CUSTOMER_ID) values ('19','SPACE',to_date('02062021','DDMMRRRR'),'18','1456','26208','0.5','131.04','FALSE','SELL-Limit','1000','250','140');
Insert into ORDERTABLE (ORDER_ID,ASSET,ORDER_DATE,QUANTITY,PRICE,AMOUNT,COMMISSION_RATE,COMMISSION_VALUE,IS_ACTIVE,ORDER_TYPE,EXCHANGE_BOARD_ID,ASSET_ID,CUSTOMER_ID) values ('20','DOGE',to_date('02062021','DDMMRRRR'),'400','3.6','1440','0.35','5.04','FALSE','SELL-Limit','1000','240','140');
Insert into ORDERTABLE (ORDER_ID,ASSET,ORDER_DATE,QUANTITY,PRICE,AMOUNT,COMMISSION_RATE,COMMISSION_VALUE,IS_ACTIVE,ORDER_TYPE,EXCHANGE_BOARD_ID,ASSET_ID,CUSTOMER_ID) values ('21','SPACE',to_date('03062021','DDMMRRRR'),'10','1456','14560','0.35','50.96','FALSE','BUY-Limit','1000','250','100');
Insert into ORDERTABLE (ORDER_ID,ASSET,ORDER_DATE,QUANTITY,PRICE,AMOUNT,COMMISSION_RATE,COMMISSION_VALUE,IS_ACTIVE,ORDER_TYPE,EXCHANGE_BOARD_ID,ASSET_ID,CUSTOMER_ID) values ('22','SPACE',to_date('04062021','DDMMRRRR'),'5','1455.14','7275.7','0.35','25.46495','FALSE','BUY-Market','1000','250','100');
Insert into ORDERTABLE (ORDER_ID,ASSET,ORDER_DATE,QUANTITY,PRICE,AMOUNT,COMMISSION_RATE,COMMISSION_VALUE,IS_ACTIVE,ORDER_TYPE,EXCHANGE_BOARD_ID,ASSET_ID,CUSTOMER_ID) values ('23','SPACE',to_date('03062021','DDMMRRRR'),'8','1456','11648','0.35','40.768','FALSE','BUY-Market','1000','250','110');
Insert into ORDERTABLE (ORDER_ID,ASSET,ORDER_DATE,QUANTITY,PRICE,AMOUNT,COMMISSION_RATE,COMMISSION_VALUE,IS_ACTIVE,ORDER_TYPE,EXCHANGE_BOARD_ID,ASSET_ID,CUSTOMER_ID) values ('24','DOGE',to_date('03062021','DDMMRRRR'),'400','3.6','1440','0.3','4.32','FALSE','BUY-Limit','1000','240','110');
Insert into ORDERTABLE (ORDER_ID,ASSET,ORDER_DATE,QUANTITY,PRICE,AMOUNT,COMMISSION_RATE,COMMISSION_VALUE,IS_ACTIVE,ORDER_TYPE,EXCHANGE_BOARD_ID,ASSET_ID,CUSTOMER_ID) values ('25','POWER',to_date('03062021','DDMMRRRR'),'10000','0.2','2000','0.1','2','FALSE','SELL-Limit','1000','220','120');
Insert into ORDERTABLE (ORDER_ID,ASSET,ORDER_DATE,QUANTITY,PRICE,AMOUNT,COMMISSION_RATE,COMMISSION_VALUE,IS_ACTIVE,ORDER_TYPE,EXCHANGE_BOARD_ID,ASSET_ID,CUSTOMER_ID) values ('26','POWER',to_date('03062021','DDMMRRRR'),'10000','0.19','1900','0.1','1.9','TRUE','SELL-Limit','1000','220','120');
Insert into ORDERTABLE (ORDER_ID,ASSET,ORDER_DATE,QUANTITY,PRICE,AMOUNT,COMMISSION_RATE,COMMISSION_VALUE,IS_ACTIVE,ORDER_TYPE,EXCHANGE_BOARD_ID,ASSET_ID,CUSTOMER_ID) values ('27','DEFINITY',to_date('03062021','DDMMRRRR'),'1000','2.3','2300','0.2','4.6','FALSE','SELL-Limit','1000','210','130');
Insert into ORDERTABLE (ORDER_ID,ASSET,ORDER_DATE,QUANTITY,PRICE,AMOUNT,COMMISSION_RATE,COMMISSION_VALUE,IS_ACTIVE,ORDER_TYPE,EXCHANGE_BOARD_ID,ASSET_ID,CUSTOMER_ID) values ('28','DEFINITY',to_date('03062021','DDMMRRRR'),'500','2.4','1200','0.2','2.4','FALSE','SELL-Limit','1000','210','130');
Insert into ORDERTABLE (ORDER_ID,ASSET,ORDER_DATE,QUANTITY,PRICE,AMOUNT,COMMISSION_RATE,COMMISSION_VALUE,IS_ACTIVE,ORDER_TYPE,EXCHANGE_BOARD_ID,ASSET_ID,CUSTOMER_ID) values ('29','DEFINITY',to_date('03062021','DDMMRRRR'),'400','2.3','920','0.25','2.3','FALSE','BUY-Market','1000','210','140');
Insert into ORDERTABLE (ORDER_ID,ASSET,ORDER_DATE,QUANTITY,PRICE,AMOUNT,COMMISSION_RATE,COMMISSION_VALUE,IS_ACTIVE,ORDER_TYPE,EXCHANGE_BOARD_ID,ASSET_ID,CUSTOMER_ID) values ('30','POWER',to_date('03062021','DDMMRRRR'),'15000','0.2','3000','0.1','3','FALSE','SELL-Limit','1000','220','140');
Insert into ORDERTABLE (ORDER_ID,ASSET,ORDER_DATE,QUANTITY,PRICE,AMOUNT,COMMISSION_RATE,COMMISSION_VALUE,IS_ACTIVE,ORDER_TYPE,EXCHANGE_BOARD_ID,ASSET_ID,CUSTOMER_ID) values ('31','POWER',to_date('04062021','DDMMRRRR'),'5000','0.2','1000','0.1','1','FALSE','BUY-Market','1000','220','100');
Insert into ORDERTABLE (ORDER_ID,ASSET,ORDER_DATE,QUANTITY,PRICE,AMOUNT,COMMISSION_RATE,COMMISSION_VALUE,IS_ACTIVE,ORDER_TYPE,EXCHANGE_BOARD_ID,ASSET_ID,CUSTOMER_ID) values ('32','DEFINITY',to_date('04062021','DDMMRRRR'),'500','2.4','1200','0.2','2.4','FALSE','BUY-Market','1000','210','100');
Insert into ORDERTABLE (ORDER_ID,ASSET,ORDER_DATE,QUANTITY,PRICE,AMOUNT,COMMISSION_RATE,COMMISSION_VALUE,IS_ACTIVE,ORDER_TYPE,EXCHANGE_BOARD_ID,ASSET_ID,CUSTOMER_ID) values ('33','POWER',to_date('04062021','DDMMRRRR'),'5000','0.2','1000','0.1','1','FALSE','BUY-Market','1000','220','110');
Insert into ORDERTABLE (ORDER_ID,ASSET,ORDER_DATE,QUANTITY,PRICE,AMOUNT,COMMISSION_RATE,COMMISSION_VALUE,IS_ACTIVE,ORDER_TYPE,EXCHANGE_BOARD_ID,ASSET_ID,CUSTOMER_ID) values ('34','DEFINITY',to_date('04062021','DDMMRRRR'),'1000','2.3','2300','0.2','4.6','FALSE','BUY-Market','1000','210','110');
Insert into ORDERTABLE (ORDER_ID,ASSET,ORDER_DATE,QUANTITY,PRICE,AMOUNT,COMMISSION_RATE,COMMISSION_VALUE,IS_ACTIVE,ORDER_TYPE,EXCHANGE_BOARD_ID,ASSET_ID,CUSTOMER_ID) values ('35','POWER',to_date('04062021','DDMMRRRR'),'15000','0.2','3000','0.1','3','FALSE','BUY-Market','1000','220','120');
Insert into ORDERTABLE (ORDER_ID,ASSET,ORDER_DATE,QUANTITY,PRICE,AMOUNT,COMMISSION_RATE,COMMISSION_VALUE,IS_ACTIVE,ORDER_TYPE,EXCHANGE_BOARD_ID,ASSET_ID,CUSTOMER_ID) values ('36','DEFINITY',to_date('04062021','DDMMRRRR'),'1000','2.5','2500','0.2','5','TRUE','BUY-Stop','1000','210','120');
Insert into ORDERTABLE (ORDER_ID,ASSET,ORDER_DATE,QUANTITY,PRICE,AMOUNT,COMMISSION_RATE,COMMISSION_VALUE,IS_ACTIVE,ORDER_TYPE,EXCHANGE_BOARD_ID,ASSET_ID,CUSTOMER_ID) values ('37','DEFINITY',to_date('04062021','DDMMRRRR'),'200','2.3','460','0.2','0.92','TRUE','SELL-Limit','1000','210','130');
Insert into ORDERTABLE (ORDER_ID,ASSET,ORDER_DATE,QUANTITY,PRICE,AMOUNT,COMMISSION_RATE,COMMISSION_VALUE,IS_ACTIVE,ORDER_TYPE,EXCHANGE_BOARD_ID,ASSET_ID,CUSTOMER_ID) values ('38','HOLO',to_date('04062021','DDMMRRRR'),'5000','1.7','8500','0.25','21.25','TRUE','SELL-Limit','1000','200','130');
Insert into ORDERTABLE (ORDER_ID,ASSET,ORDER_DATE,QUANTITY,PRICE,AMOUNT,COMMISSION_RATE,COMMISSION_VALUE,IS_ACTIVE,ORDER_TYPE,EXCHANGE_BOARD_ID,ASSET_ID,CUSTOMER_ID) values ('39','POWER',to_date('04062021','DDMMRRRR'),'20000','0.2','4000','0.1','4','FALSE','SELL-Limit','1000','220','140');
Insert into ORDERTABLE (ORDER_ID,ASSET,ORDER_DATE,QUANTITY,PRICE,AMOUNT,COMMISSION_RATE,COMMISSION_VALUE,IS_ACTIVE,ORDER_TYPE,EXCHANGE_BOARD_ID,ASSET_ID,CUSTOMER_ID) values ('40','POWER',to_date('04062021','DDMMRRRR'),'20000','0.35','7000','0.1','7','TRUE','Sell-Limit','1000','220','140');
Insert into ORDERTABLE (ORDER_ID,ASSET,ORDER_DATE,QUANTITY,PRICE,AMOUNT,COMMISSION_RATE,COMMISSION_VALUE,IS_ACTIVE,ORDER_TYPE,EXCHANGE_BOARD_ID,ASSET_ID,CUSTOMER_ID) values ('41','POWER',to_date('05062021','DDMMRRRR'),'5000','0.2','1000','0.1','1','FALSE','BUY-Market','1000','220','100');
Insert into ORDERTABLE (ORDER_ID,ASSET,ORDER_DATE,QUANTITY,PRICE,AMOUNT,COMMISSION_RATE,COMMISSION_VALUE,IS_ACTIVE,ORDER_TYPE,EXCHANGE_BOARD_ID,ASSET_ID,CUSTOMER_ID) values ('42','SPACE',to_date('05062021','DDMMRRRR'),'15','1470','22050','0.35','77.175','TRUE','SELL-Stop','1000','250','100');
Insert into ORDERTABLE (ORDER_ID,ASSET,ORDER_DATE,QUANTITY,PRICE,AMOUNT,COMMISSION_RATE,COMMISSION_VALUE,IS_ACTIVE,ORDER_TYPE,EXCHANGE_BOARD_ID,ASSET_ID,CUSTOMER_ID) values ('43','POWER',to_date('05062021','DDMMRRRR'),'5000','0.2','1000','0.1','1','FALSE','BUY-Market','1000','220','110');
Insert into ORDERTABLE (ORDER_ID,ASSET,ORDER_DATE,QUANTITY,PRICE,AMOUNT,COMMISSION_RATE,COMMISSION_VALUE,IS_ACTIVE,ORDER_TYPE,EXCHANGE_BOARD_ID,ASSET_ID,CUSTOMER_ID) values ('44','SPACE',to_date('05062021','DDMMRRRR'),'2','1475','2950','0.45','13.275','TRUE','SELL-Stop','1000','250','110');
Insert into ORDERTABLE (ORDER_ID,ASSET,ORDER_DATE,QUANTITY,PRICE,AMOUNT,COMMISSION_RATE,COMMISSION_VALUE,IS_ACTIVE,ORDER_TYPE,EXCHANGE_BOARD_ID,ASSET_ID,CUSTOMER_ID) values ('45','POWER',to_date('05062021','DDMMRRRR'),'10000','0.25','2500','0.1','2.5','TRUE','SELL-Stop','1000','220','120');
Insert into ORDERTABLE (ORDER_ID,ASSET,ORDER_DATE,QUANTITY,PRICE,AMOUNT,COMMISSION_RATE,COMMISSION_VALUE,IS_ACTIVE,ORDER_TYPE,EXCHANGE_BOARD_ID,ASSET_ID,CUSTOMER_ID) values ('46','POWER',to_date('05062021','DDMMRRRR'),'15000','0.38','5700','0.1','5.7','TRUE','Buy-Limit','1000','220','120');
Insert into ORDERTABLE (ORDER_ID,ASSET,ORDER_DATE,QUANTITY,PRICE,AMOUNT,COMMISSION_RATE,COMMISSION_VALUE,IS_ACTIVE,ORDER_TYPE,EXCHANGE_BOARD_ID,ASSET_ID,CUSTOMER_ID) values ('47','SPACE',to_date('05062021','DDMMRRRR'),'5','1520','7600','0.5','38','TRUE','SELL-Limit','1000','250','130');
Insert into ORDERTABLE (ORDER_ID,ASSET,ORDER_DATE,QUANTITY,PRICE,AMOUNT,COMMISSION_RATE,COMMISSION_VALUE,IS_ACTIVE,ORDER_TYPE,EXCHANGE_BOARD_ID,ASSET_ID,CUSTOMER_ID) values ('48','SPACE',to_date('05062021','DDMMRRRR'),'5','1550','7750','0.5','38.75','TRUE','BUY-Limit','1000','250','130');
Insert into ORDERTABLE (ORDER_ID,ASSET,ORDER_DATE,QUANTITY,PRICE,AMOUNT,COMMISSION_RATE,COMMISSION_VALUE,IS_ACTIVE,ORDER_TYPE,EXCHANGE_BOARD_ID,ASSET_ID,CUSTOMER_ID) values ('49','DEFINITY',to_date('05062021','DDMMRRRR'),'1000','2','2000','0.25','5','TRUE','BUY-Limit','1000','210','140');
Insert into ORDERTABLE (ORDER_ID,ASSET,ORDER_DATE,QUANTITY,PRICE,AMOUNT,COMMISSION_RATE,COMMISSION_VALUE,IS_ACTIVE,ORDER_TYPE,EXCHANGE_BOARD_ID,ASSET_ID,CUSTOMER_ID) values ('50','DEFINITY',to_date('05062021','DDMMRRRR'),'1000','2','2000','0.25','5','TRUE','BUY-Limit','1000','210','120');

Insert into ORDERHISTORY (ORDER_HISTORY_ID,ORDER_STATUS,ORDER_ID,ORDER_HISTORY_DATE) values ('51','DELETED','1',to_date('02062021','DDMMRRRR'));
Insert into ORDERHISTORY (ORDER_HISTORY_ID,ORDER_STATUS,ORDER_ID,ORDER_HISTORY_DATE) values ('52','DELETED','2',to_date('02062021','DDMMRRRR'));
Insert into ORDERHISTORY (ORDER_HISTORY_ID,ORDER_STATUS,ORDER_ID,ORDER_HISTORY_DATE) values ('53','DELETED','3',to_date('02062021','DDMMRRRR'));
Insert into ORDERHISTORY (ORDER_HISTORY_ID,ORDER_STATUS,ORDER_ID,ORDER_HISTORY_DATE) values ('54','DELETED','4',to_date('02062021','DDMMRRRR'));
Insert into ORDERHISTORY (ORDER_HISTORY_ID,ORDER_STATUS,ORDER_ID,ORDER_HISTORY_DATE) values ('55','DELETED','7',to_date('02062021','DDMMRRRR'));
Insert into ORDERHISTORY (ORDER_HISTORY_ID,ORDER_STATUS,ORDER_ID,ORDER_HISTORY_DATE) values ('56','DELETED','8',to_date('02062021','DDMMRRRR'));
Insert into ORDERHISTORY (ORDER_HISTORY_ID,ORDER_STATUS,ORDER_ID,ORDER_HISTORY_DATE) values ('57','DELETED','9',to_date('02062021','DDMMRRRR'));
Insert into ORDERHISTORY (ORDER_HISTORY_ID,ORDER_STATUS,ORDER_ID,ORDER_HISTORY_DATE) values ('58','EDITED','10',to_date('02062021','DDMMRRRR'));
Insert into ORDERHISTORY (ORDER_HISTORY_ID,ORDER_STATUS,ORDER_ID,ORDER_HISTORY_DATE) values ('59','DELETED','10',to_date('02062021','DDMMRRRR'));
Insert into ORDERHISTORY (ORDER_HISTORY_ID,ORDER_STATUS,ORDER_ID,ORDER_HISTORY_DATE) values ('60','EDITED','13',to_date('03062021','DDMMRRRR'));
Insert into ORDERHISTORY (ORDER_HISTORY_ID,ORDER_STATUS,ORDER_ID,ORDER_HISTORY_DATE) values ('61','DELETED','13',to_date('03062021','DDMMRRRR'));
Insert into ORDERHISTORY (ORDER_HISTORY_ID,ORDER_STATUS,ORDER_ID,ORDER_HISTORY_DATE) values ('62','EDITED','14',to_date('03062021','DDMMRRRR'));
Insert into ORDERHISTORY (ORDER_HISTORY_ID,ORDER_STATUS,ORDER_ID,ORDER_HISTORY_DATE) values ('63','DELETED','14',to_date('03062021','DDMMRRRR'));
Insert into ORDERHISTORY (ORDER_HISTORY_ID,ORDER_STATUS,ORDER_ID,ORDER_HISTORY_DATE) values ('64','EDITED','15',to_date('03062021','DDMMRRRR'));
Insert into ORDERHISTORY (ORDER_HISTORY_ID,ORDER_STATUS,ORDER_ID,ORDER_HISTORY_DATE) values ('65','DELETED','15',to_date('03062021','DDMMRRRR'));
Insert into ORDERHISTORY (ORDER_HISTORY_ID,ORDER_STATUS,ORDER_ID,ORDER_HISTORY_DATE) values ('66','DELETED','16',to_date('03062021','DDMMRRRR'));
Insert into ORDERHISTORY (ORDER_HISTORY_ID,ORDER_STATUS,ORDER_ID,ORDER_HISTORY_DATE) values ('67','DELETED','17',to_date('03062021','DDMMRRRR'));
Insert into ORDERHISTORY (ORDER_HISTORY_ID,ORDER_STATUS,ORDER_ID,ORDER_HISTORY_DATE) values ('68','DELETED','18',to_date('03062021','DDMMRRRR'));
Insert into ORDERHISTORY (ORDER_HISTORY_ID,ORDER_STATUS,ORDER_ID,ORDER_HISTORY_DATE) values ('69','DELETED','19',to_date('03062021','DDMMRRRR'));
Insert into ORDERHISTORY (ORDER_HISTORY_ID,ORDER_STATUS,ORDER_ID,ORDER_HISTORY_DATE) values ('70','DELETED','20',to_date('03062021','DDMMRRRR'));
Insert into ORDERHISTORY (ORDER_HISTORY_ID,ORDER_STATUS,ORDER_ID,ORDER_HISTORY_DATE) values ('71','EDITED','21',to_date('04062021','DDMMRRRR'));
Insert into ORDERHISTORY (ORDER_HISTORY_ID,ORDER_STATUS,ORDER_ID,ORDER_HISTORY_DATE) values ('72','DELETED','21',to_date('04062021','DDMMRRRR'));
Insert into ORDERHISTORY (ORDER_HISTORY_ID,ORDER_STATUS,ORDER_ID,ORDER_HISTORY_DATE) values ('73','EDITED','22',to_date('04062021','DDMMRRRR'));
Insert into ORDERHISTORY (ORDER_HISTORY_ID,ORDER_STATUS,ORDER_ID,ORDER_HISTORY_DATE) values ('74','DELETED','22',to_date('04062021','DDMMRRRR'));
Insert into ORDERHISTORY (ORDER_HISTORY_ID,ORDER_STATUS,ORDER_ID,ORDER_HISTORY_DATE) values ('75','EDITED','23',to_date('04062021','DDMMRRRR'));
Insert into ORDERHISTORY (ORDER_HISTORY_ID,ORDER_STATUS,ORDER_ID,ORDER_HISTORY_DATE) values ('76','DELETED','23',to_date('04062021','DDMMRRRR'));
Insert into ORDERHISTORY (ORDER_HISTORY_ID,ORDER_STATUS,ORDER_ID,ORDER_HISTORY_DATE) values ('77','EDITED','24',to_date('04062021','DDMMRRRR'));
Insert into ORDERHISTORY (ORDER_HISTORY_ID,ORDER_STATUS,ORDER_ID,ORDER_HISTORY_DATE) values ('78','DELETED','24',to_date('04062021','DDMMRRRR'));
Insert into ORDERHISTORY (ORDER_HISTORY_ID,ORDER_STATUS,ORDER_ID,ORDER_HISTORY_DATE) values ('79','DELETED','25',to_date('04062021','DDMMRRRR'));
Insert into ORDERHISTORY (ORDER_HISTORY_ID,ORDER_STATUS,ORDER_ID,ORDER_HISTORY_DATE) values ('80','EDITED','27',to_date('04062021','DDMMRRRR'));
Insert into ORDERHISTORY (ORDER_HISTORY_ID,ORDER_STATUS,ORDER_ID,ORDER_HISTORY_DATE) values ('81','DELETED','27',to_date('04062021','DDMMRRRR'));
Insert into ORDERHISTORY (ORDER_HISTORY_ID,ORDER_STATUS,ORDER_ID,ORDER_HISTORY_DATE) values ('82','EDITED','28',to_date('04062021','DDMMRRRR'));
Insert into ORDERHISTORY (ORDER_HISTORY_ID,ORDER_STATUS,ORDER_ID,ORDER_HISTORY_DATE) values ('83','DELETED','28',to_date('04062021','DDMMRRRR'));
Insert into ORDERHISTORY (ORDER_HISTORY_ID,ORDER_STATUS,ORDER_ID,ORDER_HISTORY_DATE) values ('84','EDITED','29',to_date('04062021','DDMMRRRR'));
Insert into ORDERHISTORY (ORDER_HISTORY_ID,ORDER_STATUS,ORDER_ID,ORDER_HISTORY_DATE) values ('85','DELETED','29',to_date('04062021','DDMMRRRR'));
Insert into ORDERHISTORY (ORDER_HISTORY_ID,ORDER_STATUS,ORDER_ID,ORDER_HISTORY_DATE) values ('86','DELETED','30',to_date('04062021','DDMMRRRR'));
Insert into ORDERHISTORY (ORDER_HISTORY_ID,ORDER_STATUS,ORDER_ID,ORDER_HISTORY_DATE) values ('87','DELETED','31',to_date('05062021','DDMMRRRR'));
Insert into ORDERHISTORY (ORDER_HISTORY_ID,ORDER_STATUS,ORDER_ID,ORDER_HISTORY_DATE) values ('88','EDITED','32',to_date('05062021','DDMMRRRR'));
Insert into ORDERHISTORY (ORDER_HISTORY_ID,ORDER_STATUS,ORDER_ID,ORDER_HISTORY_DATE) values ('89','DELETED','32',to_date('05062021','DDMMRRRR'));
Insert into ORDERHISTORY (ORDER_HISTORY_ID,ORDER_STATUS,ORDER_ID,ORDER_HISTORY_DATE) values ('90','EDITED','33',to_date('05062021','DDMMRRRR'));
Insert into ORDERHISTORY (ORDER_HISTORY_ID,ORDER_STATUS,ORDER_ID,ORDER_HISTORY_DATE) values ('91','DELETED','33',to_date('05062021','DDMMRRRR'));
Insert into ORDERHISTORY (ORDER_HISTORY_ID,ORDER_STATUS,ORDER_ID,ORDER_HISTORY_DATE) values ('92','EDITED','34',to_date('05062021','DDMMRRRR'));
Insert into ORDERHISTORY (ORDER_HISTORY_ID,ORDER_STATUS,ORDER_ID,ORDER_HISTORY_DATE) values ('93','DELETED','34',to_date('05062021','DDMMRRRR'));
Insert into ORDERHISTORY (ORDER_HISTORY_ID,ORDER_STATUS,ORDER_ID,ORDER_HISTORY_DATE) values ('94','EDITED','35',to_date('05062021','DDMMRRRR'));
Insert into ORDERHISTORY (ORDER_HISTORY_ID,ORDER_STATUS,ORDER_ID,ORDER_HISTORY_DATE) values ('95','DELETED','35',to_date('05062021','DDMMRRRR'));
Insert into ORDERHISTORY (ORDER_HISTORY_ID,ORDER_STATUS,ORDER_ID,ORDER_HISTORY_DATE) values ('96','EDITED','39',to_date('05062021','DDMMRRRR'));
Insert into ORDERHISTORY (ORDER_HISTORY_ID,ORDER_STATUS,ORDER_ID,ORDER_HISTORY_DATE) values ('97','DELETED','39',to_date('05062021','DDMMRRRR'));
Insert into ORDERHISTORY (ORDER_HISTORY_ID,ORDER_STATUS,ORDER_ID,ORDER_HISTORY_DATE) values ('98','EDITED','41',to_date('06062021','DDMMRRRR'));
Insert into ORDERHISTORY (ORDER_HISTORY_ID,ORDER_STATUS,ORDER_ID,ORDER_HISTORY_DATE) values ('99','DELETED','41',to_date('06062021','DDMMRRRR'));
Insert into ORDERHISTORY (ORDER_HISTORY_ID,ORDER_STATUS,ORDER_ID,ORDER_HISTORY_DATE) values ('100','DELETED','43',to_date('06062021','DDMMRRRR'));
Insert into ORDERHISTORY (ORDER_HISTORY_ID,ORDER_STATUS,ORDER_ID,ORDER_HISTORY_DATE) values ('101','CREATED','51',to_date('06062021','DDMMRRRR'));
Insert into ORDERHISTORY (ORDER_HISTORY_ID,ORDER_STATUS,ORDER_ID,ORDER_HISTORY_DATE) values ('102','CREATED','52',to_date('06062021','DDMMRRRR'));
Insert into ORDERHISTORY (ORDER_HISTORY_ID,ORDER_STATUS,ORDER_ID,ORDER_HISTORY_DATE) values ('103','CREATED','53',to_date('07062021','DDMMRRRR'));
Insert into ORDERHISTORY (ORDER_HISTORY_ID,ORDER_STATUS,ORDER_ID,ORDER_HISTORY_DATE) values ('1','CREATED','1',to_date('01062021','DDMMRRRR'));
Insert into ORDERHISTORY (ORDER_HISTORY_ID,ORDER_STATUS,ORDER_ID,ORDER_HISTORY_DATE) values ('2','CREATED','2',to_date('01062021','DDMMRRRR'));
Insert into ORDERHISTORY (ORDER_HISTORY_ID,ORDER_STATUS,ORDER_ID,ORDER_HISTORY_DATE) values ('3','CREATED','3',to_date('01062021','DDMMRRRR'));
Insert into ORDERHISTORY (ORDER_HISTORY_ID,ORDER_STATUS,ORDER_ID,ORDER_HISTORY_DATE) values ('4','CREATED','4',to_date('01062021','DDMMRRRR'));
Insert into ORDERHISTORY (ORDER_HISTORY_ID,ORDER_STATUS,ORDER_ID,ORDER_HISTORY_DATE) values ('5','CREATED','5',to_date('01062021','DDMMRRRR'));
Insert into ORDERHISTORY (ORDER_HISTORY_ID,ORDER_STATUS,ORDER_ID,ORDER_HISTORY_DATE) values ('6','CREATED','6',to_date('01062021','DDMMRRRR'));
Insert into ORDERHISTORY (ORDER_HISTORY_ID,ORDER_STATUS,ORDER_ID,ORDER_HISTORY_DATE) values ('7','CREATED','7',to_date('01062021','DDMMRRRR'));
Insert into ORDERHISTORY (ORDER_HISTORY_ID,ORDER_STATUS,ORDER_ID,ORDER_HISTORY_DATE) values ('8','CREATED','8',to_date('01062021','DDMMRRRR'));
Insert into ORDERHISTORY (ORDER_HISTORY_ID,ORDER_STATUS,ORDER_ID,ORDER_HISTORY_DATE) values ('9','CREATED','9',to_date('01062021','DDMMRRRR'));
Insert into ORDERHISTORY (ORDER_HISTORY_ID,ORDER_STATUS,ORDER_ID,ORDER_HISTORY_DATE) values ('10','CREATED','10',to_date('01062021','DDMMRRRR'));
Insert into ORDERHISTORY (ORDER_HISTORY_ID,ORDER_STATUS,ORDER_ID,ORDER_HISTORY_DATE) values ('11','CREATED','11',to_date('02062021','DDMMRRRR'));
Insert into ORDERHISTORY (ORDER_HISTORY_ID,ORDER_STATUS,ORDER_ID,ORDER_HISTORY_DATE) values ('12','CREATED','12',to_date('02062021','DDMMRRRR'));
Insert into ORDERHISTORY (ORDER_HISTORY_ID,ORDER_STATUS,ORDER_ID,ORDER_HISTORY_DATE) values ('13','CREATED','13',to_date('02062021','DDMMRRRR'));
Insert into ORDERHISTORY (ORDER_HISTORY_ID,ORDER_STATUS,ORDER_ID,ORDER_HISTORY_DATE) values ('14','CREATED','14',to_date('02062021','DDMMRRRR'));
Insert into ORDERHISTORY (ORDER_HISTORY_ID,ORDER_STATUS,ORDER_ID,ORDER_HISTORY_DATE) values ('15','CREATED','15',to_date('02062021','DDMMRRRR'));
Insert into ORDERHISTORY (ORDER_HISTORY_ID,ORDER_STATUS,ORDER_ID,ORDER_HISTORY_DATE) values ('16','CREATED','16',to_date('02062021','DDMMRRRR'));
Insert into ORDERHISTORY (ORDER_HISTORY_ID,ORDER_STATUS,ORDER_ID,ORDER_HISTORY_DATE) values ('17','CREATED','17',to_date('02062021','DDMMRRRR'));
Insert into ORDERHISTORY (ORDER_HISTORY_ID,ORDER_STATUS,ORDER_ID,ORDER_HISTORY_DATE) values ('18','CREATED','18',to_date('02062021','DDMMRRRR'));
Insert into ORDERHISTORY (ORDER_HISTORY_ID,ORDER_STATUS,ORDER_ID,ORDER_HISTORY_DATE) values ('19','CREATED','19',to_date('02062021','DDMMRRRR'));
Insert into ORDERHISTORY (ORDER_HISTORY_ID,ORDER_STATUS,ORDER_ID,ORDER_HISTORY_DATE) values ('20','CREATED','20',to_date('02062021','DDMMRRRR'));
Insert into ORDERHISTORY (ORDER_HISTORY_ID,ORDER_STATUS,ORDER_ID,ORDER_HISTORY_DATE) values ('21','CREATED','21',to_date('03062021','DDMMRRRR'));
Insert into ORDERHISTORY (ORDER_HISTORY_ID,ORDER_STATUS,ORDER_ID,ORDER_HISTORY_DATE) values ('22','CREATED','22',to_date('03062021','DDMMRRRR'));
Insert into ORDERHISTORY (ORDER_HISTORY_ID,ORDER_STATUS,ORDER_ID,ORDER_HISTORY_DATE) values ('23','CREATED','23',to_date('03062021','DDMMRRRR'));
Insert into ORDERHISTORY (ORDER_HISTORY_ID,ORDER_STATUS,ORDER_ID,ORDER_HISTORY_DATE) values ('24','CREATED','24',to_date('03062021','DDMMRRRR'));
Insert into ORDERHISTORY (ORDER_HISTORY_ID,ORDER_STATUS,ORDER_ID,ORDER_HISTORY_DATE) values ('25','CREATED','25',to_date('03062021','DDMMRRRR'));
Insert into ORDERHISTORY (ORDER_HISTORY_ID,ORDER_STATUS,ORDER_ID,ORDER_HISTORY_DATE) values ('26','CREATED','26',to_date('03062021','DDMMRRRR'));
Insert into ORDERHISTORY (ORDER_HISTORY_ID,ORDER_STATUS,ORDER_ID,ORDER_HISTORY_DATE) values ('27','CREATED','27',to_date('03062021','DDMMRRRR'));
Insert into ORDERHISTORY (ORDER_HISTORY_ID,ORDER_STATUS,ORDER_ID,ORDER_HISTORY_DATE) values ('28','CREATED','28',to_date('03062021','DDMMRRRR'));
Insert into ORDERHISTORY (ORDER_HISTORY_ID,ORDER_STATUS,ORDER_ID,ORDER_HISTORY_DATE) values ('29','CREATED','29',to_date('03062021','DDMMRRRR'));
Insert into ORDERHISTORY (ORDER_HISTORY_ID,ORDER_STATUS,ORDER_ID,ORDER_HISTORY_DATE) values ('30','CREATED','30',to_date('03062021','DDMMRRRR'));
Insert into ORDERHISTORY (ORDER_HISTORY_ID,ORDER_STATUS,ORDER_ID,ORDER_HISTORY_DATE) values ('31','CREATED','31',to_date('04062021','DDMMRRRR'));
Insert into ORDERHISTORY (ORDER_HISTORY_ID,ORDER_STATUS,ORDER_ID,ORDER_HISTORY_DATE) values ('32','CREATED','32',to_date('04062021','DDMMRRRR'));
Insert into ORDERHISTORY (ORDER_HISTORY_ID,ORDER_STATUS,ORDER_ID,ORDER_HISTORY_DATE) values ('33','CREATED','33',to_date('04062021','DDMMRRRR'));
Insert into ORDERHISTORY (ORDER_HISTORY_ID,ORDER_STATUS,ORDER_ID,ORDER_HISTORY_DATE) values ('34','CREATED','34',to_date('04062021','DDMMRRRR'));
Insert into ORDERHISTORY (ORDER_HISTORY_ID,ORDER_STATUS,ORDER_ID,ORDER_HISTORY_DATE) values ('35','CREATED','35',to_date('04062021','DDMMRRRR'));
Insert into ORDERHISTORY (ORDER_HISTORY_ID,ORDER_STATUS,ORDER_ID,ORDER_HISTORY_DATE) values ('36','CREATED','36',to_date('04062021','DDMMRRRR'));
Insert into ORDERHISTORY (ORDER_HISTORY_ID,ORDER_STATUS,ORDER_ID,ORDER_HISTORY_DATE) values ('37','CREATED','37',to_date('04062021','DDMMRRRR'));
Insert into ORDERHISTORY (ORDER_HISTORY_ID,ORDER_STATUS,ORDER_ID,ORDER_HISTORY_DATE) values ('38','CREATED','38',to_date('04062021','DDMMRRRR'));
Insert into ORDERHISTORY (ORDER_HISTORY_ID,ORDER_STATUS,ORDER_ID,ORDER_HISTORY_DATE) values ('39','CREATED','39',to_date('04062021','DDMMRRRR'));
Insert into ORDERHISTORY (ORDER_HISTORY_ID,ORDER_STATUS,ORDER_ID,ORDER_HISTORY_DATE) values ('40','CREATED','40',to_date('04062021','DDMMRRRR'));
Insert into ORDERHISTORY (ORDER_HISTORY_ID,ORDER_STATUS,ORDER_ID,ORDER_HISTORY_DATE) values ('41','CREATED','41',to_date('05062021','DDMMRRRR'));
Insert into ORDERHISTORY (ORDER_HISTORY_ID,ORDER_STATUS,ORDER_ID,ORDER_HISTORY_DATE) values ('42','CREATED','42',to_date('05062021','DDMMRRRR'));
Insert into ORDERHISTORY (ORDER_HISTORY_ID,ORDER_STATUS,ORDER_ID,ORDER_HISTORY_DATE) values ('43','CREATED','43',to_date('05062021','DDMMRRRR'));
Insert into ORDERHISTORY (ORDER_HISTORY_ID,ORDER_STATUS,ORDER_ID,ORDER_HISTORY_DATE) values ('44','CREATED','44',to_date('05062021','DDMMRRRR'));
Insert into ORDERHISTORY (ORDER_HISTORY_ID,ORDER_STATUS,ORDER_ID,ORDER_HISTORY_DATE) values ('45','CREATED','45',to_date('05062021','DDMMRRRR'));
Insert into ORDERHISTORY (ORDER_HISTORY_ID,ORDER_STATUS,ORDER_ID,ORDER_HISTORY_DATE) values ('46','CREATED','46',to_date('05062021','DDMMRRRR'));
Insert into ORDERHISTORY (ORDER_HISTORY_ID,ORDER_STATUS,ORDER_ID,ORDER_HISTORY_DATE) values ('47','CREATED','47',to_date('05062021','DDMMRRRR'));
Insert into ORDERHISTORY (ORDER_HISTORY_ID,ORDER_STATUS,ORDER_ID,ORDER_HISTORY_DATE) values ('48','CREATED','48',to_date('05062021','DDMMRRRR'));
Insert into ORDERHISTORY (ORDER_HISTORY_ID,ORDER_STATUS,ORDER_ID,ORDER_HISTORY_DATE) values ('49','CREATED','49',to_date('05062021','DDMMRRRR'));
Insert into ORDERHISTORY (ORDER_HISTORY_ID,ORDER_STATUS,ORDER_ID,ORDER_HISTORY_DATE) values ('50','CREATED','50',to_date('05062021','DDMMRRRR'));

Insert into ASSETTRANSACTION (ASSET_TRANSACTION_ID,ASSET_TRANSACTION_DATE,ORDER_ID,ASSET_ID,CUSTOMER_ID) values ('1',to_date('01062021','DDMMRRRR'),'1','200','100');
Insert into ASSETTRANSACTION (ASSET_TRANSACTION_ID,ASSET_TRANSACTION_DATE,ORDER_ID,ASSET_ID,CUSTOMER_ID) values ('2',to_date('01062021','DDMMRRRR'),'3','240','110');
Insert into ASSETTRANSACTION (ASSET_TRANSACTION_ID,ASSET_TRANSACTION_DATE,ORDER_ID,ASSET_ID,CUSTOMER_ID) values ('3',to_date('01062021','DDMMRRRR'),'7','240','130');
Insert into ASSETTRANSACTION (ASSET_TRANSACTION_ID,ASSET_TRANSACTION_DATE,ORDER_ID,ASSET_ID,CUSTOMER_ID) values ('4',to_date('01062021','DDMMRRRR'),'8','200','130');
Insert into ASSETTRANSACTION (ASSET_TRANSACTION_ID,ASSET_TRANSACTION_DATE,ORDER_ID,ASSET_ID,CUSTOMER_ID) values ('5',to_date('01062021','DDMMRRRR'),'9','200','140');
Insert into ASSETTRANSACTION (ASSET_TRANSACTION_ID,ASSET_TRANSACTION_DATE,ORDER_ID,ASSET_ID,CUSTOMER_ID) values ('6',to_date('06062021','DDMMRRRR'),'10','240','140');
Insert into ASSETTRANSACTION (ASSET_TRANSACTION_ID,ASSET_TRANSACTION_DATE,ORDER_ID,ASSET_ID,CUSTOMER_ID) values ('7',to_date('01062021','DDMMRRRR'),'2','210','100');
Insert into ASSETTRANSACTION (ASSET_TRANSACTION_ID,ASSET_TRANSACTION_DATE,ORDER_ID,ASSET_ID,CUSTOMER_ID) values ('8',to_date('01062021','DDMMRRRR'),'4','250','110');
Insert into ASSETTRANSACTION (ASSET_TRANSACTION_ID,ASSET_TRANSACTION_DATE,ORDER_ID,ASSET_ID,CUSTOMER_ID) values ('9',to_date('06062021','DDMMRRRR'),'13','250','110');
Insert into ASSETTRANSACTION (ASSET_TRANSACTION_ID,ASSET_TRANSACTION_DATE,ORDER_ID,ASSET_ID,CUSTOMER_ID) values ('10',to_date('02062021','DDMMRRRR'),'14','200','110');
Insert into ASSETTRANSACTION (ASSET_TRANSACTION_ID,ASSET_TRANSACTION_DATE,ORDER_ID,ASSET_ID,CUSTOMER_ID) values ('11',to_date('02062021','DDMMRRRR'),'15','250','120');
Insert into ASSETTRANSACTION (ASSET_TRANSACTION_ID,ASSET_TRANSACTION_DATE,ORDER_ID,ASSET_ID,CUSTOMER_ID) values ('12',to_date('02062021','DDMMRRRR'),'16','200','120');
Insert into ASSETTRANSACTION (ASSET_TRANSACTION_ID,ASSET_TRANSACTION_DATE,ORDER_ID,ASSET_ID,CUSTOMER_ID) values ('13',to_date('02062021','DDMMRRRR'),'17','250','130');
Insert into ASSETTRANSACTION (ASSET_TRANSACTION_ID,ASSET_TRANSACTION_DATE,ORDER_ID,ASSET_ID,CUSTOMER_ID) values ('14',to_date('02062021','DDMMRRRR'),'18','200','130');
Insert into ASSETTRANSACTION (ASSET_TRANSACTION_ID,ASSET_TRANSACTION_DATE,ORDER_ID,ASSET_ID,CUSTOMER_ID) values ('15',to_date('02062021','DDMMRRRR'),'19','250','140');
Insert into ASSETTRANSACTION (ASSET_TRANSACTION_ID,ASSET_TRANSACTION_DATE,ORDER_ID,ASSET_ID,CUSTOMER_ID) values ('16',to_date('03062021','DDMMRRRR'),'20','240','140');
Insert into ASSETTRANSACTION (ASSET_TRANSACTION_ID,ASSET_TRANSACTION_DATE,ORDER_ID,ASSET_ID,CUSTOMER_ID) values ('17',to_date('03062021','DDMMRRRR'),'21','250','100');
Insert into ASSETTRANSACTION (ASSET_TRANSACTION_ID,ASSET_TRANSACTION_DATE,ORDER_ID,ASSET_ID,CUSTOMER_ID) values ('18',to_date('03062021','DDMMRRRR'),'22','250','100');
Insert into ASSETTRANSACTION (ASSET_TRANSACTION_ID,ASSET_TRANSACTION_DATE,ORDER_ID,ASSET_ID,CUSTOMER_ID) values ('19',to_date('03062021','DDMMRRRR'),'23','250','110');
Insert into ASSETTRANSACTION (ASSET_TRANSACTION_ID,ASSET_TRANSACTION_DATE,ORDER_ID,ASSET_ID,CUSTOMER_ID) values ('20',to_date('03062021','DDMMRRRR'),'24','240','110');
Insert into ASSETTRANSACTION (ASSET_TRANSACTION_ID,ASSET_TRANSACTION_DATE,ORDER_ID,ASSET_ID,CUSTOMER_ID) values ('21',to_date('07062021','DDMMRRRR'),'25','220','120');
Insert into ASSETTRANSACTION (ASSET_TRANSACTION_ID,ASSET_TRANSACTION_DATE,ORDER_ID,ASSET_ID,CUSTOMER_ID) values ('22',to_date('03062021','DDMMRRRR'),'27','210','130');
Insert into ASSETTRANSACTION (ASSET_TRANSACTION_ID,ASSET_TRANSACTION_DATE,ORDER_ID,ASSET_ID,CUSTOMER_ID) values ('23',to_date('04062021','DDMMRRRR'),'28','210','130');
Insert into ASSETTRANSACTION (ASSET_TRANSACTION_ID,ASSET_TRANSACTION_DATE,ORDER_ID,ASSET_ID,CUSTOMER_ID) values ('24',to_date('03062021','DDMMRRRR'),'29','210','140');
Insert into ASSETTRANSACTION (ASSET_TRANSACTION_ID,ASSET_TRANSACTION_DATE,ORDER_ID,ASSET_ID,CUSTOMER_ID) values ('25',to_date('04062021','DDMMRRRR'),'30','220','140');
Insert into ASSETTRANSACTION (ASSET_TRANSACTION_ID,ASSET_TRANSACTION_DATE,ORDER_ID,ASSET_ID,CUSTOMER_ID) values ('26',to_date('04062021','DDMMRRRR'),'31','220','100');
Insert into ASSETTRANSACTION (ASSET_TRANSACTION_ID,ASSET_TRANSACTION_DATE,ORDER_ID,ASSET_ID,CUSTOMER_ID) values ('27',to_date('04062021','DDMMRRRR'),'32','210','100');
Insert into ASSETTRANSACTION (ASSET_TRANSACTION_ID,ASSET_TRANSACTION_DATE,ORDER_ID,ASSET_ID,CUSTOMER_ID) values ('28',to_date('04062021','DDMMRRRR'),'33','220','110');
Insert into ASSETTRANSACTION (ASSET_TRANSACTION_ID,ASSET_TRANSACTION_DATE,ORDER_ID,ASSET_ID,CUSTOMER_ID) values ('29',to_date('04062021','DDMMRRRR'),'34','210','110');
Insert into ASSETTRANSACTION (ASSET_TRANSACTION_ID,ASSET_TRANSACTION_DATE,ORDER_ID,ASSET_ID,CUSTOMER_ID) values ('30',to_date('04062021','DDMMRRRR'),'35','220','120');
Insert into ASSETTRANSACTION (ASSET_TRANSACTION_ID,ASSET_TRANSACTION_DATE,ORDER_ID,ASSET_ID,CUSTOMER_ID) values ('31',to_date('04062021','DDMMRRRR'),'39','220','140');
Insert into ASSETTRANSACTION (ASSET_TRANSACTION_ID,ASSET_TRANSACTION_DATE,ORDER_ID,ASSET_ID,CUSTOMER_ID) values ('32',to_date('07062021','DDMMRRRR'),'41','220','100');
Insert into ASSETTRANSACTION (ASSET_TRANSACTION_ID,ASSET_TRANSACTION_DATE,ORDER_ID,ASSET_ID,CUSTOMER_ID) values ('33',to_date('07062021','DDMMRRRR'),'43','220','110');

Insert into TEMPORARYPORTFOLIO (T_PORTFOLIO_ID,QUANTITY,PORTFOLIO_ID,ORDER_ID) values ('6','1800','6','53');
Insert into TEMPORARYPORTFOLIO (T_PORTFOLIO_ID,QUANTITY,PORTFOLIO_ID,ORDER_ID) values ('7','500','7','12');
Insert into TEMPORARYPORTFOLIO (T_PORTFOLIO_ID,QUANTITY,PORTFOLIO_ID,ORDER_ID) values ('8','75000','8','11');
Insert into TEMPORARYPORTFOLIO (T_PORTFOLIO_ID,QUANTITY,PORTFOLIO_ID,ORDER_ID) values ('10','1475','10','44');
Insert into TEMPORARYPORTFOLIO (T_PORTFOLIO_ID,QUANTITY,PORTFOLIO_ID,ORDER_ID) values ('20','15','22','42');
Insert into TEMPORARYPORTFOLIO (T_PORTFOLIO_ID,QUANTITY,PORTFOLIO_ID,ORDER_ID) values ('1','600','14','51');
Insert into TEMPORARYPORTFOLIO (T_PORTFOLIO_ID,QUANTITY,PORTFOLIO_ID,ORDER_ID) values ('2','2000','12','5');
Insert into TEMPORARYPORTFOLIO (T_PORTFOLIO_ID,QUANTITY,PORTFOLIO_ID,ORDER_ID) values ('3','400','14','6');
Insert into TEMPORARYPORTFOLIO (T_PORTFOLIO_ID,QUANTITY,PORTFOLIO_ID,ORDER_ID) values ('4','10000','13','26');
Insert into TEMPORARYPORTFOLIO (T_PORTFOLIO_ID,QUANTITY,PORTFOLIO_ID,ORDER_ID) values ('5','1000','12','36');
Insert into TEMPORARYPORTFOLIO (T_PORTFOLIO_ID,QUANTITY,PORTFOLIO_ID,ORDER_ID) values ('9','10000','13','45');
Insert into TEMPORARYPORTFOLIO (T_PORTFOLIO_ID,QUANTITY,PORTFOLIO_ID,ORDER_ID) values ('11','15000','13','46');
Insert into TEMPORARYPORTFOLIO (T_PORTFOLIO_ID,QUANTITY,PORTFOLIO_ID,ORDER_ID) values ('12','450','28','52');
Insert into TEMPORARYPORTFOLIO (T_PORTFOLIO_ID,QUANTITY,PORTFOLIO_ID,ORDER_ID) values ('16','200','17','37');
Insert into TEMPORARYPORTFOLIO (T_PORTFOLIO_ID,QUANTITY,PORTFOLIO_ID,ORDER_ID) values ('13','5000','16','38');
Insert into TEMPORARYPORTFOLIO (T_PORTFOLIO_ID,QUANTITY,PORTFOLIO_ID,ORDER_ID) values ('14','5','15','47');
Insert into TEMPORARYPORTFOLIO (T_PORTFOLIO_ID,QUANTITY,PORTFOLIO_ID,ORDER_ID) values ('15','5','15','48');
Insert into TEMPORARYPORTFOLIO (T_PORTFOLIO_ID,QUANTITY,PORTFOLIO_ID,ORDER_ID) values ('17','20000','18','40');
Insert into TEMPORARYPORTFOLIO (T_PORTFOLIO_ID,QUANTITY,PORTFOLIO_ID,ORDER_ID) values ('18','1000','30','49');
Insert into TEMPORARYPORTFOLIO (T_PORTFOLIO_ID,QUANTITY,PORTFOLIO_ID,ORDER_ID) values ('19','1000','30','50');